timestamp,market_id,expert_address,exec_price,expert_price,slippage,net_profit,balance,date
2026-04-07 01:51:27,0x903191e7185deea9bdbdd08e11b03e54bfaed75d22c96a1994c29a45419f565c,0xaeaf20d612b72e06750577bd69fbf08983349ce1,0.12834,0.5299998780999061,-0.4016598780999061,679.0803023219572,193890.95521968306,2026-04-07
2026-04-07 01:51:27,0x7cce0f304467016e11586997e438e0789137019701bcd18e3caf4220862703cd,0x207c4a162c2e14973ef1eff6e4e2510e7f1e27eb,0.51,0.51,0.0,95.97843137254901,192364.3647927592,2026-04-07
2026-04-07 01:51:29,0x00f7c44da87a4dcc92e6b4499a103a3dc9ad48e31915ef48375612a272264c4f,0x41c0245323fb8e900de267f84acc61e82a40f959,0.99,0.6299999802327901,0.36000001976720986,0.9101010101010111,10002.730303030301,2026-04-07
2026-04-07 01:51:59,0xa0597b4ff1233db01fe238b1128221c447d848b9ea9efde49375f66a922958ca,0x41c0245323fb8e900de267f84acc61e82a40f959,0.99,0.4699999638461218,-0.5200000361538781,-100.1,282672.7518398509,2026-04-07
2026-04-07 01:52:01,0xa0597b4ff1233db01fe238b1128221c447d848b9ea9efde49375f66a922958ca,0x41c0245323fb8e900de267f84acc61e82a40f959,0.99,0.5399997962261075,0.4500002037738925,0.9101010101010111,282673.661940861,2026-04-07
2026-04-07 01:52:01,0x00f7c44da87a4dcc92e6b4499a103a3dc9ad48e31915ef48375612a272264c4f,0x41c0245323fb8e900de267f84acc61e82a40f959,0.99,0.769999997843137,0.220000002156863,0.9101010101010111,10003.640404040401,2026-04-07
2026-04-07 01:52:01,0x00f7c44da87a4dcc92e6b4499a103a3dc9ad48e31915ef48375612a272264c4f,0x41c0245323fb8e900de267f84acc61e82a40f959,0.99,0.7599999395454422,0.2300000604545578,0.9101010101010111,10004.550505050502,2026-04-07
2026-04-07 01:52:03,0xaf4f6660bd5f9f89d865211cd375454ce98ac82b3e89ec1b2bda09538fd4d387,0x41c0245323fb8e900de267f84acc61e82a40f959,0.99,0.5499999256756456,0.4400000743243544,0.9101010101010111,282743.86901156814,2026-04-07
2026-04-07 01:52:13,0x00f7c44da87a4dcc92e6b4499a103a3dc9ad48e31915ef48375612a272264c4f,0xd597ac39743503e7870b76f72320ef98ef4a3d0f,0.99,0.73,0.26,0.9101010101010111,10005.460606060602,2026-04-07
2026-04-07 01:52:13,0x00f7c44da87a4dcc92e6b4499a103a3dc9ad48e31915ef48375612a272264c4f,0xd597ac39743503e7870b76f72320ef98ef4a3d0f,0.99,0.73,0.26,0.9101010101010111,10006.370707070702,2026-04-07
2026-04-07 01:52:13,0x00f7c44da87a4dcc92e6b4499a103a3dc9ad48e31915ef48375612a272264c4f,0xd597ac39743503e7870b76f72320ef98ef4a3d0f,0.99,0.73,0.26,0.9101010101010111,10007.280808080803,2026-04-07
2026-04-07 01:52:13,0x00f7c44da87a4dcc92e6b4499a103a3dc9ad48e31915ef48375612a272264c4f,0xd597ac39743503e7870b76f72320ef98ef4a3d0f,0.99,0.73,0.26,0.9101010101010111,10008.190909090903,2026-04-07
2026-04-07 01:52:15,0xa0597b4ff1233db01fe238b1128221c447d848b9ea9efde49375f66a922958ca,0x5b1d976c356fc9d8929dce8f2e9282cf08651d9e,0.99,0.5,0.49,0.9101010101010111,282675.48214288126,2026-04-07
2026-04-07 01:52:15,0x00f7c44da87a4dcc92e6b4499a103a3dc9ad48e31915ef48375612a272264c4f,0xd597ac39743503e7870b76f72320ef98ef4a3d0f,0.99,0.73,0.26,0.9101010101010111,10009.101010101003,2026-04-07
2026-04-07 01:52:15,0xa0597b4ff1233db01fe238b1128221c447d848b9ea9efde49375f66a922958ca,0x2d3a2efa0516f700165b10561d90fa5a77287d4a,0.99,0.5,0.49,0.9101010101010111,282674.57204187114,2026-04-07
2026-04-07 01:53:03,0x00f7c44da87a4dcc92e6b4499a103a3dc9ad48e31915ef48375612a272264c4f,0x552e1b8c0764335522fa135152ffc3f4ae17b01d,0.99,0.9,0.08999999999999997,0.9101010101010111,10010.011111111104,2026-04-07
2026-04-07 01:53:05,0x00f7c44da87a4dcc92e6b4499a103a3dc9ad48e31915ef48375612a272264c4f,0xd597ac39743503e7870b76f72320ef98ef4a3d0f,0.99,0.91,0.07999999999999996,0.9101010101010111,10010.921212121204,2026-04-07
2026-04-07 01:53:09,0x00f7c44da87a4dcc92e6b4499a103a3dc9ad48e31915ef48375612a272264c4f,0x41c0245323fb8e900de267f84acc61e82a40f959,0.99,0.9,0.08999999999999997,0.9101010101010111,10011.831313131304,2026-04-07
2026-04-07 01:53:13,0x00f7c44da87a4dcc92e6b4499a103a3dc9ad48e31915ef48375612a272264c4f,0x12833660d6d838981c33dfe11a14b6c82f77ddf0,0.99,0.0899999660986522,-0.9000000339013478,-100.1,9911.731313131304,2026-04-07
2026-04-07 01:53:57,0x903191e7185deea9bdbdd08e11b03e54bfaed75d22c96a1994c29a45419f565c,0xaeaf20d612b72e06750577bd69fbf08983349ce1,0.02,0.6199998649503907,-0.5999998649503907,4899.9,198790.85521968306,2026-04-07
2026-04-07 01:54:03,0x00f7c44da87a4dcc92e6b4499a103a3dc9ad48e31915ef48375612a272264c4f,0x41c0245323fb8e900de267f84acc61e82a40f959,0.99,0.92,0.06999999999999995,0.9101010101010111,9913.551515151505,2026-04-07
2026-04-07 01:54:03,0xa0597b4ff1233db01fe238b1128221c447d848b9ea9efde49375f66a922958ca,0x41c0245323fb8e900de267f84acc61e82a40f959,0.99,0.9399999797848706,0.05000002021512939,0.9101010101010111,282676.3922438914,2026-04-07
2026-04-07 01:54:03,0x00f7c44da87a4dcc92e6b4499a103a3dc9ad48e31915ef48375612a272264c4f,0x31b84880fae691ef42754e9fa00fe57b6c691874,0.99,0.92,0.06999999999999995,0.9101010101010111,9912.641414141404,2026-04-07
2026-04-07 01:54:03,0x903191e7185deea9bdbdd08e11b03e54bfaed75d22c96a1994c29a45419f565c,0xaeaf20d612b72e06750577bd69fbf08983349ce1,0.02,0.6299997754451799,-0.6099997754451799,4899.9,203690.75521968305,2026-04-07
2026-04-07 01:54:19,0x00f7c44da87a4dcc92e6b4499a103a3dc9ad48e31915ef48375612a272264c4f,0xd8bc5b1262c7d87b5fb476625749d761c1667294,0.99,0.97,0.020000000000000018,0.9101010101010111,9914.461616161605,2026-04-07
2026-04-07 01:54:19,0x884c2361a319c4e9489c747d921277dd663c58216beff019c20f2b039114c5d4,0x54d7c6958c12c67049eff0ec2f78af59f42d55c2,0.12,0.12,0.0,-100.1,192773.2019815934,2026-04-07
2026-04-07 01:54:33,0x035d590313aa6738b3a69a8f89f6cfad83049d3a29504b724bf42e450a33ca1f,0xaad99df3071217c9454ff268afdfedd53a9acaef,0.3699999179802733,0.5099999261538234,-0.14000000817355007,170.17033018242867,9984.531946344034,2026-04-07
2026-04-07 01:55:17,0x32bf80ba2db7b699bb713a77c2a3fc0ed3e3c9adc4ffbb0517f34bc9e88c00a7,0x41c0245323fb8e900de267f84acc61e82a40f959,0.99,0.689999996479591,0.300000003520409,0.9101010101010111,83384.3948097697,2026-04-07
2026-04-07 01:55:17,0xd984ca338cac6dfdaf291ccf62fef62752a6863f9c92c4b0517a4b9b935dc0a3,0x41c0245323fb8e900de267f84acc61e82a40f959,0.06,0.8,-0.74,1566.5666666666668,287707.0268728223,2026-04-07
2026-04-07 01:55:17,0x9bb4f5d87e3c2aafc1e1c9a20b6157340e7a3a8e583c575bbb8b2fffeab93da1,0xdc7fbf48644b758b6b8ce20420ab6a3162f16767,0.0152920993903706,0.64,-0.6247079006096294,6439.224486928836,231545.1131291709,2026-04-07
2026-04-07 01:55:17,0x9bb4f5d87e3c2aafc1e1c9a20b6157340e7a3a8e583c575bbb8b2fffeab93da1,0x20d178acdbf2c96f1a6634c7dc7c9918fdaf75db,0.0152920993903706,0.6199999729365038,-0.6047078735461332,6439.224486928836,225105.88864224206,2026-04-07
2026-04-07 01:55:17,0x2657d7eb8005dea64b3e7201bc0e977937a0d5a1241ff945ef5b15f4a82d0548,0x41c0245323fb8e900de267f84acc61e82a40f959,0.01,0.5,-0.49,9899.9,24140.03500990619,2026-04-07
2026-04-07 01:55:37,0x05e766abf88ca0d565cbbbbba03907d13e50d4a7a3ca24034062b20232e78e08,0x75110b2afa07a881292528a355715a0febe1582e,0.72,0.2899998989677119,-0.4300001010322881,-100.1,9893.588043905007,2026-04-07
2026-04-07 01:55:37,0x05e766abf88ca0d565cbbbbba03907d13e50d4a7a3ca24034062b20232e78e08,0x75110b2afa07a881292528a355715a0febe1582e,0.72,0.2899999382580577,-0.4300000617419423,-100.1,9993.688043905007,2026-04-07
2026-04-07 01:55:51,0x9bb4f5d87e3c2aafc1e1c9a20b6157340e7a3a8e583c575bbb8b2fffeab93da1,0x41c0245323fb8e900de267f84acc61e82a40f959,0.0152920993903706,0.34,0.3247079006096294,-100.1,231445.0131291709,2026-04-07
2026-04-07 01:55:53,0x32bf80ba2db7b699bb713a77c2a3fc0ed3e3c9adc4ffbb0517f34bc9e88c00a7,0x41c0245323fb8e900de267f84acc61e82a40f959,0.99,0.2899998939784763,-0.7000001060215237,-100.1,83284.2948097697,2026-04-07
2026-04-07 01:55:53,0x5bb595ecb22fff0ef80091eacd2f4a4ca256b95094760cb493f25e1ff6305b87,0x75110b2afa07a881292528a355715a0febe1582e,0.72,0.3799999822843817,-0.3400000177156183,-100.1,100168.11470156175,2026-04-07
2026-04-07 01:55:55,0x9bb4f5d87e3c2aafc1e1c9a20b6157340e7a3a8e583c575bbb8b2fffeab93da1,0x41c0245323fb8e900de267f84acc61e82a40f959,0.0152920993903706,0.6899999779265383,-0.6747078785361678,6439.224486928836,237884.23761609974,2026-04-07
2026-04-07 01:56:13,0x9bb4f5d87e3c2aafc1e1c9a20b6157340e7a3a8e583c575bbb8b2fffeab93da1,0x41c0245323fb8e900de267f84acc61e82a40f959,0.0152920993903706,0.7599999814634083,-0.7447078820730377,6439.224486928836,244323.46210302858,2026-04-07
2026-04-07 01:56:15,0x903191e7185deea9bdbdd08e11b03e54bfaed75d22c96a1994c29a45419f565c,0x41c0245323fb8e900de267f84acc61e82a40f959,0.02,0.8899999990450643,-0.8699999990450643,4899.9,208590.65521968305,2026-04-07
2026-04-07 01:56:15,0x9bb4f5d87e3c2aafc1e1c9a20b6157340e7a3a8e583c575bbb8b2fffeab93da1,0x9167e21c88b9dbe18a9865c0294b0fe1f3541eb5,0.0152920993903706,0.7699999876799952,-0.7547078882896247,6439.224486928836,250762.68658995742,2026-04-07
2026-04-07 01:56:17,0x9bb4f5d87e3c2aafc1e1c9a20b6157340e7a3a8e583c575bbb8b2fffeab93da1,0xc8d2470d88dee02b8f9bec599413a3397729e533,0.0152920993903706,0.7599999954399995,-0.744707896049629,6439.224486928836,257201.91107688626,2026-04-07
2026-04-07 01:56:17,0xd984ca338cac6dfdaf291ccf62fef62752a6863f9c92c4b0517a4b9b935dc0a3,0x12833660d6d838981c33dfe11a14b6c82f77ddf0,0.06,0.8899999948879934,-0.8299999948879935,1566.5666666666668,289273.59353948897,2026-04-07
2026-04-07 01:56:17,0xd984ca338cac6dfdaf291ccf62fef62752a6863f9c92c4b0517a4b9b935dc0a3,0x75110b2afa07a881292528a355715a0febe1582e,0.06,0.889999990111092,-0.8299999901110919,1566.5666666666668,290840.1602061556,2026-04-07
2026-04-07 01:57:09,0x2657d7eb8005dea64b3e7201bc0e977937a0d5a1241ff945ef5b15f4a82d0548,0x41c0245323fb8e900de267f84acc61e82a40f959,0.01,0.1799998823076561,0.16999988230765609,-100.1,24039.935009906192,2026-04-07
2026-04-07 01:57:09,0x9bb4f5d87e3c2aafc1e1c9a20b6157340e7a3a8e583c575bbb8b2fffeab93da1,0x41c0245323fb8e900de267f84acc61e82a40f959,0.0152920993903706,0.1399999514666619,0.12470785207629129,-100.1,257101.81107688625,2026-04-07
2026-04-07 01:57:11,0x32bf80ba2db7b699bb713a77c2a3fc0ed3e3c9adc4ffbb0517f34bc9e88c00a7,0x41c0245323fb8e900de267f84acc61e82a40f959,0.99,0.94,0.050000000000000044,0.9101010101010111,83285.2049107798,2026-04-07
2026-04-07 01:57:11,0x903191e7185deea9bdbdd08e11b03e54bfaed75d22c96a1994c29a45419f565c,0x41c0245323fb8e900de267f84acc61e82a40f959,0.02,0.0899999480536864,0.0699999480536864,-100.1,208490.55521968304,2026-04-07
2026-04-07 01:57:13,0x9bb4f5d87e3c2aafc1e1c9a20b6157340e7a3a8e583c575bbb8b2fffeab93da1,0x41c0245323fb8e900de267f84acc61e82a40f959,0.0152920993903706,0.139999932229289,0.1247078328389184,-100.1,257001.71107688625,2026-04-07
2026-04-07 01:57:13,0x9bb4f5d87e3c2aafc1e1c9a20b6157340e7a3a8e583c575bbb8b2fffeab93da1,0xc8d2470d88dee02b8f9bec599413a3397729e533,0.0152920993903706,0.8199999934399984,-0.8047078940496278,6439.224486928836,263440.93556381506,2026-04-07
2026-04-07 01:57:17,0x40f417d5952b95f876cf94088b796b7f7bbe2e00b694c1fcbcf6eca22f2ea6cd,0x75110b2afa07a881292528a355715a0febe1582e,0.61,0.6,0.010000000000000009,63.8344262295082,99551.99702671153,2026-04-07
2026-04-07 01:57:19,0x9bb5aa4cbc522426e7f1503fc91e18189e64f71581bc35ea2ceaeda0c1efbdfc,0xab6f320b9d9981a599ea07bf3419dad4e6b3a90e,0.992,0.993,-0.0010000000000000009,0.7064516129032266,282759.3154762145,2026-04-07
2026-04-07 01:57:39,0x00132cdf067877d58c03f5ee08a54e0882496679b86bdf98d25d92dc0bcfdc19,0xaa10307d6b0d09a8f4c94cc7c704c52a97ffdf6c,0.99,0.99,0.0,0.9101010101010111,10000.9101010101,2026-04-07
2026-04-07 01:57:39,0x9bb4f5d87e3c2aafc1e1c9a20b6157340e7a3a8e583c575bbb8b2fffeab93da1,0xc55c26705d06b89d51e9ac9f1e6cca56c2f4bdc8,0.0152920993903706,0.9699999980599976,-0.954707898669627,6439.224486928836,269880.1600507439,2026-04-07
2026-04-07 01:57:39,0x9bb4f5d87e3c2aafc1e1c9a20b6157340e7a3a8e583c575bbb8b2fffeab93da1,0xc55c26705d06b89d51e9ac9f1e6cca56c2f4bdc8,0.0152920993903706,0.97,-0.9547079006096294,6439.224486928836,276319.38453767274,2026-04-07
2026-04-07 01:57:41,0x903191e7185deea9bdbdd08e11b03e54bfaed75d22c96a1994c29a45419f565c,0xaa10307d6b0d09a8f4c94cc7c704c52a97ffdf6c,0.02,0.95,-0.9299999999999999,4899.9,218290.35521968303,2026-04-07
2026-04-07 01:57:41,0x9bb4f5d87e3c2aafc1e1c9a20b6157340e7a3a8e583c575bbb8b2fffeab93da1,0xc55c26705d06b89d51e9ac9f1e6cca56c2f4bdc8,0.0152920993903706,0.9699999980599976,-0.954707898669627,6439.224486928836,282758.6090246016,2026-04-07
2026-04-07 01:57:41,0x3eb335073c74d6316df31a0a937c5b702f08069defd50a5a64bf80f44404d100,0xaad99df3071217c9454ff268afdfedd53a9acaef,0.3002421303416799,0.7299998127390156,-0.4297576823973357,232.96451658266128,99568.44312667417,2026-04-07
2026-04-07 01:57:41,0x903191e7185deea9bdbdd08e11b03e54bfaed75d22c96a1994c29a45419f565c,0x41c0245323fb8e900de267f84acc61e82a40f959,0.02,0.9699999963805924,-0.9499999963805924,4899.9,213390.45521968303,2026-04-07
2026-04-07 01:57:41,0xd984ca338cac6dfdaf291ccf62fef62752a6863f9c92c4b0517a4b9b935dc0a3,0xaa10307d6b0d09a8f4c94cc7c704c52a97ffdf6c,0.06,0.97,-0.9099999999999999,1566.5666666666668,292406.72687282227,2026-04-07
2026-04-07 01:57:45,0x00132cdf067877d58c03f5ee08a54e0882496679b86bdf98d25d92dc0bcfdc19,0x41c0245323fb8e900de267f84acc61e82a40f959,0.99,0.9799994546080508,0.010000545391949167,0.9101010101010111,10001.8202020202,2026-04-07
2026-04-07 02:52:37,0x3e5d988ff22791a40fd3908b11dce1a1a4142f0c81e94ea71a0190a939a18680,0x75110b2afa07a881292528a355715a0febe1582e,0.75,0.58,0.17000000000000004,33.233333333333334,99189.33046194327,2026-04-07
2026-04-07 02:52:39,0x3e5d988ff22791a40fd3908b11dce1a1a4142f0c81e94ea71a0190a939a18680,0x12833660d6d838981c33dfe11a14b6c82f77ddf0,0.75,0.589999996322842,0.16000000367715805,33.233333333333334,99222.56379527661,2026-04-07
2026-04-07 02:52:39,0x3e5d988ff22791a40fd3908b11dce1a1a4142f0c81e94ea71a0190a939a18680,0x75110b2afa07a881292528a355715a0febe1582e,0.75,0.59,0.16000000000000003,33.233333333333334,99322.26379527662,2026-04-07
2026-04-07 02:52:39,0x3e5d988ff22791a40fd3908b11dce1a1a4142f0c81e94ea71a0190a939a18680,0x75110b2afa07a881292528a355715a0febe1582e,0.75,0.59,0.16000000000000003,33.233333333333334,99355.49712860996,2026-04-07
2026-04-07 02:52:39,0x3e5d988ff22791a40fd3908b11dce1a1a4142f0c81e94ea71a0190a939a18680,0x75110b2afa07a881292528a355715a0febe1582e,0.75,0.5899999864206341,0.16000001357936589,33.233333333333334,99289.03046194329,2026-04-07
2026-04-07 02:52:39,0x3e5d988ff22791a40fd3908b11dce1a1a4142f0c81e94ea71a0190a939a18680,0x75110b2afa07a881292528a355715a0febe1582e,0.75,0.5899999632458979,0.16000003675410213,33.233333333333334,99255.79712860995,2026-04-07
2026-04-07 02:53:09,0x36c2c7257e3e1deaffa7f85f0a0be0e39212fbd6ee50b5db59ac672077029bf2,0xab6f320b9d9981a599ea07bf3419dad4e6b3a90e,0.019,0.989,-0.97,5163.057894736842,88491.01994837378,2026-04-07
2026-04-07 02:53:13,0x40c602013b9e4ab6aa87d837dfa66fc3b55a5dd62f3832d14aea851ea4348b22,0xcfb103c37c0234f524c632d964ed31f117b5f694,0.99,0.750578125,0.239421875,0.9101010101010111,99570.26332869437,2026-04-07
2026-04-07 02:53:41,0x7b14af8d7206f935787a3c60316a5c01d13dcf4dab1c056c358ccd3b47bd4cb4,0xaeaf20d612b72e06750577bd69fbf08983349ce1,0.3699999887149998,0.4499998440593056,0.07999985534430581,-100.1,191430.6248229252,2026-04-07
2026-04-07 02:54:15,0x40c602013b9e4ab6aa87d837dfa66fc3b55a5dd62f3832d14aea851ea4348b22,0xbfbaf29e2b6abd3fedf13f0efcf3e9ae31d58983,0.99,0.2399998559999424,-0.7500001440000577,-100.1,99470.16332869437,2026-04-07
2026-04-07 02:54:57,0x40c602013b9e4ab6aa87d837dfa66fc3b55a5dd62f3832d14aea851ea4348b22,0x0abf961e454614ee5ef86d935df29ffa4eb9a278,0.99,0.929999999876,0.060000000123999975,0.9101010101010111,99471.07342970447,2026-04-07
2026-04-07 02:54:57,0x40c602013b9e4ab6aa87d837dfa66fc3b55a5dd62f3832d14aea851ea4348b22,0x12833660d6d838981c33dfe11a14b6c82f77ddf0,0.99,0.9300637223424224,0.059936277657577586,0.9101010101010111,99471.98353071457,2026-04-07
2026-04-07 02:54:59,0xea2f7aa9996497e9cdc371476816a2d246f4e60916152ff4a0209799f38d9982,0xa6fbd527070abf16092d05512e4c603516de58e2,0.93,0.93,0.0,7.426881720430102,293598.5303099426,2026-04-07
2026-04-07 02:54:59,0x7b14af8d7206f935787a3c60316a5c01d13dcf4dab1c056c358ccd3b47bd4cb4,0xaeaf20d612b72e06750577bd69fbf08983349ce1,0.39,0.5,-0.10999999999999999,156.31025641025641,191586.93507933544,2026-04-07
2026-04-07 02:54:59,0x7071ff4c2023edb17476decf0b38b4be72b8eaae3a0d5e66de4a8a650ccec4f3,0xa6fbd527070abf16092d05512e4c603516de58e2,0.01,0.98,-0.97,9899.9,191228.33490310135,2026-04-07
2026-04-07 02:54:59,0x0be9a1d6adcf35eaec6554ad8c965998667f9fb33de5b052f357105b3426b36f,0xa6fbd527070abf16092d05512e4c603516de58e2,0.86,0.77,0.08999999999999997,16.179069767441863,9913.833780339117,2026-04-07
2026-04-07 02:54:59,0xb471174eda26f6f9f094f8dca154acf16ec824baccb64f7fbaad5209c78f2f4a,0x809866978e1b5b4bc4d2f24963427ed6aad75646,0.5599999081966611,0.5599999081966611,0.0,78.47145784545725,286070.6209508869,2026-04-07
2026-04-07 02:55:41,0x3e5d988ff22791a40fd3908b11dce1a1a4142f0c81e94ea71a0190a939a18680,0xcfb103c37c0234f524c632d964ed31f117b5f694,0.81,0.39,-0.42000000000000004,-100.1,99255.39712860995,2026-04-07
2026-04-07 02:55:41,0x7b14af8d7206f935787a3c60316a5c01d13dcf4dab1c056c358ccd3b47bd4cb4,0xaeaf20d612b72e06750577bd69fbf08983349ce1,0.39,0.4299997956434591,0.03999979564345907,-100.1,191486.83507933543,2026-04-07
2026-04-07 02:55:49,0x3e5d988ff22791a40fd3908b11dce1a1a4142f0c81e94ea71a0190a939a18680,0x441b2e0dead463ae8fc2438acaab7c74f929b884,0.81,0.5,0.31000000000000005,23.356790123456783,99278.75391873342,2026-04-07
2026-04-07 02:55:51,0x7b14af8d7206f935787a3c60316a5c01d13dcf4dab1c056c358ccd3b47bd4cb4,0xaeaf20d612b72e06750577bd69fbf08983349ce1,0.39,0.52,-0.13,156.31025641025641,191643.14533574568,2026-04-07
2026-04-07 02:55:51,0x3e5d988ff22791a40fd3908b11dce1a1a4142f0c81e94ea71a0190a939a18680,0xec22d5d5693dec7f342a9cdf9ff3688b297cd456,0.81,0.52,0.29000000000000004,23.356790123456783,99302.11070885688,2026-04-07
2026-04-07 02:55:53,0xe36719d76465de9e5364051f2dac8cf79d1901e425595fe931d458516471895f,0xa6fbd527070abf16092d05512e4c603516de58e2,0.969,0.969,0.0,3.09917440660475,293589.2056230703,2026-04-07
2026-04-07 02:55:53,0xb131f2531720e3d21b82e275946803704270d9a2dc156b86e4111ffdef1fcbaa,0xa6fbd527070abf16092d05512e4c603516de58e2,0.94,0.94,0.0,6.282978723404262,285895.60583644547,2026-04-07
2026-04-07 02:55:53,0xd90bb76b8bf8a0e744d1aab82e5e83b8b5f34cb699190959baa562451856cb1f,0xa6fbd527070abf16092d05512e4c603516de58e2,0.6,0.6,0.0,66.56666666666668,286140.46020615567,2026-04-07
2026-04-07 02:55:53,0x692fe93029c6429ee8518157d3b79fa96954c40ba42d3281afdc84ee6a023bdc,0xa6fbd527070abf16092d05512e4c603516de58e2,0.988,0.988,0.0,1.114574898785426,178823.82401792877,2026-04-07
2026-04-07 02:55:53,0xfe2c771aa792e194eb7f4b7fd13e46c056f213e5b69b649dbc519d582f301672,0xa6fbd527070abf16092d05512e4c603516de58e2,0.73,0.73,0.0,36.88630136986301,292377.9612243215,2026-04-07
2026-04-07 02:55:53,0x214f7608bc7b2083d40ab89abf3e5d079ac627fc17862428c1cee51cac9950d7,0xa6fbd527070abf16092d05512e4c603516de58e2,0.75,0.75,0.0,33.233333333333334,14340.23500990619,2026-04-07
2026-04-07 02:56:13,0x035d590313aa6738b3a69a8f89f6cfad83049d3a29504b724bf42e450a33ca1f,0x809866978e1b5b4bc4d2f24963427ed6aad75646,0.82,0.7899999878193781,0.03000001218062187,21.851219512195126,10006.383165856229,2026-04-07
2026-04-07 02:56:15,0x7cce0f304467016e11586997e438e0789137019701bcd18e3caf4220862703cd,0x207c4a162c2e14973ef1eff6e4e2510e7f1e27eb,0.5,0.5,0.0,99.9,192464.2647927592,2026-04-07
2026-04-07 02:56:23,0x035d590313aa6738b3a69a8f89f6cfad83049d3a29504b724bf42e450a33ca1f,0xaad99df3071217c9454ff268afdfedd53a9acaef,0.82,0.7599999933913015,0.06000000660869842,21.851219512195126,10028.234385368423,2026-04-07
2026-04-07 02:56:23,0x3e5d988ff22791a40fd3908b11dce1a1a4142f0c81e94ea71a0190a939a18680,0xcfb103c37c0234f524c632d964ed31f117b5f694,0.81,0.52,0.29000000000000004,23.356790123456783,99325.46749898035,2026-04-07
2026-04-07 02:56:43,0x3e5d988ff22791a40fd3908b11dce1a1a4142f0c81e94ea71a0190a939a18680,0xcfb103c37c0234f524c632d964ed31f117b5f694,0.81,0.41,-0.4000000000000001,-100.1,99225.36749898034,2026-04-07
2026-04-07 02:56:43,0x3e5d988ff22791a40fd3908b11dce1a1a4142f0c81e94ea71a0190a939a18680,0xcfb103c37c0234f524c632d964ed31f117b5f694,0.81,0.6,0.21000000000000008,23.356790123456783,99248.7242891038,2026-04-07
2026-04-07 02:56:49,0x8806add01dabd23d5133a61691615ef76b0ec3059145ebd1d2b8556311c7a8b9,0x75110b2afa07a881292528a355715a0febe1582e,0.5,0.5599999960501567,-0.05999999605015671,99.9,192573.6019815934,2026-04-07
2026-04-07 02:56:49,0x96ce4fa0e573f3c3cd1cf902b0266d27247098ddc5ae63e15595a4cb9435dfe4,0xab6f320b9d9981a599ea07bf3419dad4e6b3a90e,0.985,0.957,0.028000000000000025,1.4228426395939098,218317.76582044756,2026-04-07
2026-04-07 02:56:53,0x65df63d25eb37a702fece767b2076a42b07a0ef407b683f6f07515c0b427e087,0x41c0245323fb8e900de267f84acc61e82a40f959,0.49,0.6199999096687677,-0.12999990966876773,103.98163265306124,179493.37610969623,2026-04-07
2026-04-07 02:57:09,0x8806add01dabd23d5133a61691615ef76b0ec3059145ebd1d2b8556311c7a8b9,0x12833660d6d838981c33dfe11a14b6c82f77ddf0,0.5,0.5399999974349999,-0.039999997434999934,99.9,192673.5019815934,2026-04-07
2026-04-07 02:57:11,0x8806add01dabd23d5133a61691615ef76b0ec3059145ebd1d2b8556311c7a8b9,0x75110b2afa07a881292528a355715a0febe1582e,0.5,0.5040089470673853,-0.0040089470673853045,99.9,192773.4019815934,2026-04-07
2026-04-07 02:57:11,0x8806add01dabd23d5133a61691615ef76b0ec3059145ebd1d2b8556311c7a8b9,0x75110b2afa07a881292528a355715a0febe1582e,0.5,0.5099999761966224,-0.009999976196622407,99.9,192873.3019815934,2026-04-07
2026-04-07 02:57:13,0x01575781af5af4af0dc3802c00f1b46adc05d8556d5180704eb5c8fe0056c7b4,0x41c0245323fb8e900de267f84acc61e82a40f959,0.659999949380505,0.16,-0.49999994938050496,-100.1,9814.361616161605,2026-04-07
2026-04-07 02:57:15,0x7b14af8d7206f935787a3c60316a5c01d13dcf4dab1c056c358ccd3b47bd4cb4,0x41c0245323fb8e900de267f84acc61e82a40f959,0.39,0.8499999627192018,-0.45999996271920174,156.31025641025641,191799.45559215592,2026-04-07
2026-04-07 02:57:15,0x96ce4fa0e573f3c3cd1cf902b0266d27247098ddc5ae63e15595a4cb9435dfe4,0x4a402fa7351b5db3d2da0099dc2d540f1d6166df,0.985,0.929999995520229,0.055000004479770936,1.4228426395939098,218319.18866308714,2026-04-07
2026-04-07 02:57:23,0x3e5d988ff22791a40fd3908b11dce1a1a4142f0c81e94ea71a0190a939a18680,0xd5a82396a7d24b5c17d50eac5fc5a13d0b2295b7,0.81,0.8199999937679999,-0.00999999376799987,23.356790123456783,99272.08107922727,2026-04-07
2026-04-07 02:57:27,0xe78fbf4ccd6256d6a8e2d4d1d300e275ad04e762288daa375505df911a9c5abe,0x75110b2afa07a881292528a355715a0febe1582e,0.909999975537622,0.909999975537622,0.0,9.790112844146677,293498.89573591447,2026-04-07
2026-04-07 02:57:29,0x8be05ca821d04baecf14dfe20dd6636c222ed11b8c9555cfe24b8cf608e871bc,0x809866978e1b5b4bc4d2f24963427ed6aad75646,0.71,0.7099999995359856,4.640143824730103e-10,40.74507042253522,192813.94705201592,2026-04-07
2026-04-07 02:58:01,0x3e5d988ff22791a40fd3908b11dce1a1a4142f0c81e94ea71a0190a939a18680,0xbfbaf29e2b6abd3fedf13f0efcf3e9ae31d58983,0.81,0.7899999989466665,0.02000000105333355,23.356790123456783,99295.43786935073,2026-04-07
2026-04-07 02:58:01,0x035d590313aa6738b3a69a8f89f6cfad83049d3a29504b724bf42e450a33ca1f,0xaad99df3071217c9454ff268afdfedd53a9acaef,0.82,0.7699999922222145,0.05000000777778546,21.851219512195126,10050.085604880618,2026-04-07
2026-04-07 02:58:01,0x8be05ca821d04baecf14dfe20dd6636c222ed11b8c9555cfe24b8cf608e871bc,0x87d3c7a786792a9a843f564ce1038105c2d655fc,0.71,0.709999980636329,1.936367099997227e-08,40.74507042253522,192854.69212243846,2026-04-07
2026-04-07 02:58:03,0x3e5d988ff22791a40fd3908b11dce1a1a4142f0c81e94ea71a0190a939a18680,0xcfb103c37c0234f524c632d964ed31f117b5f694,0.81,0.24,-0.5700000000000001,-100.1,99195.33786935073,2026-04-07
2026-04-07 02:58:19,0x3e5d988ff22791a40fd3908b11dce1a1a4142f0c81e94ea71a0190a939a18680,0x441b2e0dead463ae8fc2438acaab7c74f929b884,0.81,0.65,0.16000000000000003,23.356790123456783,99218.69465947419,2026-04-07
2026-04-07 02:58:23,0x7b14af8d7206f935787a3c60316a5c01d13dcf4dab1c056c358ccd3b47bd4cb4,0x41c0245323fb8e900de267f84acc61e82a40f959,0.39,0.63,-0.24,156.31025641025641,191955.76584856617,2026-04-07
2026-04-07 02:58:23,0x7b14af8d7206f935787a3c60316a5c01d13dcf4dab1c056c358ccd3b47bd4cb4,0xaeaf20d612b72e06750577bd69fbf08983349ce1,0.39,0.66,-0.27,156.31025641025641,192112.0761049764,2026-04-07
2026-04-07 02:58:25,0x035d590313aa6738b3a69a8f89f6cfad83049d3a29504b724bf42e450a33ca1f,0x6e5991c7d8d2b97b774d1146d2155b612e81beee,0.82,0.8199999999075692,9.243072973674771e-11,21.851219512195126,10071.936824392813,2026-04-07
2026-04-07 02:58:27,0xebfe0659bc3a3f282100c0562b2dc3b9b7b3b7a7dad567e5f57b69910a3b2c37,0xd597ac39743503e7870b76f72320ef98ef4a3d0f,0.99,0.92,0.06999999999999995,0.9101010101010111,293599.4404109527,2026-04-07
2026-04-07 02:58:31,0x8be05ca821d04baecf14dfe20dd6636c222ed11b8c9555cfe24b8cf608e871bc,0x87d3c7a786792a9a843f564ce1038105c2d655fc,0.71,0.7099995223630893,4.776369106895828e-07,40.74507042253522,192895.437192861,2026-04-07
2026-04-07 02:58:31,0x0be9a1d6adcf35eaec6554ad8c965998667f9fb33de5b052f357105b3426b36f,0x54d7c6958c12c67049eff0ec2f78af59f42d55c2,0.86,0.86,0.0,16.179069767441863,9930.01285010656,2026-04-07
2026-04-07 02:58:31,0x3e5d988ff22791a40fd3908b11dce1a1a4142f0c81e94ea71a0190a939a18680,0xc55c26705d06b89d51e9ac9f1e6cca56c2f4bdc8,0.81,0.6599999603999865,0.1500000396000135,23.356790123456783,99242.05144959765,2026-04-07
2026-04-07 02:58:31,0x3e5d988ff22791a40fd3908b11dce1a1a4142f0c81e94ea71a0190a939a18680,0xc55c26705d06b89d51e9ac9f1e6cca56c2f4bdc8,0.81,0.6599999841599988,0.15000001584000122,23.356790123456783,99265.40823972112,2026-04-07
2026-04-07 02:58:31,0x035d590313aa6738b3a69a8f89f6cfad83049d3a29504b724bf42e450a33ca1f,0x6e5991c7d8d2b97b774d1146d2155b612e81beee,0.82,0.8099999997540869,0.010000000245913077,21.851219512195126,10093.788043905008,2026-04-07
2026-04-07 02:58:33,0x8be05ca821d04baecf14dfe20dd6636c222ed11b8c9555cfe24b8cf608e871bc,0x87d3c7a786792a9a843f564ce1038105c2d655fc,0.71,0.7099995223630893,4.776369106895828e-07,40.74507042253522,192936.18226328352,2026-04-07
2026-04-07 02:58:35,0x3e5d988ff22791a40fd3908b11dce1a1a4142f0c81e94ea71a0190a939a18680,0xb0147520b4c5ba7ff61e1d7fd3ed6d0bb9a3846e,0.81,0.6499999674999887,0.16000003250001138,23.356790123456783,99288.76502984458,2026-04-07
2026-04-07 02:58:45,0x3e5d988ff22791a40fd3908b11dce1a1a4142f0c81e94ea71a0190a939a18680,0xb0147520b4c5ba7ff61e1d7fd3ed6d0bb9a3846e,0.81,0.629999981099993,0.18000001890000705,23.356790123456783,99312.12181996804,2026-04-07
2026-04-07 02:59:09,0xb1818749b3f62d434e595c32b5d915c0aaae9da67d2bb1d59336a190571f69b1,0x04faee393dcd7132bbee3158aad032074b54f437,0.5090544139565316,0.53,-0.02094558604346841,96.34265378777178,285991.9484902332,2026-04-07
2026-04-07 02:59:23,0x7b14af8d7206f935787a3c60316a5c01d13dcf4dab1c056c358ccd3b47bd4cb4,0xaeaf20d612b72e06750577bd69fbf08983349ce1,0.39,0.559999889108823,-0.16999988910882302,156.31025641025641,192268.38636138666,2026-04-07
2026-04-07 02:59:45,0x3e5d988ff22791a40fd3908b11dce1a1a4142f0c81e94ea71a0190a939a18680,0xbfbaf29e2b6abd3fedf13f0efcf3e9ae31d58983,0.81,0.8055106170072527,0.0044893829927473705,23.356790123456783,99335.47861009151,2026-04-07
2026-04-07 04:24:37,0x8204250ca472673327b8be5cbce7a141678247e3e189888a75c8ff900ac810b0,0xd597ac39743503e7870b76f72320ef98ef4a3d0f,0.99,0.93,0.05999999999999994,0.9101010101010111,192465.88509487952,2026-04-07
2026-04-07 04:24:37,0x8204250ca472673327b8be5cbce7a141678247e3e189888a75c8ff900ac810b0,0xd597ac39743503e7870b76f72320ef98ef4a3d0f,0.99,0.89,0.09999999999999998,0.9101010101010111,192466.79519588963,2026-04-07
2026-04-07 04:24:37,0x8204250ca472673327b8be5cbce7a141678247e3e189888a75c8ff900ac810b0,0xd597ac39743503e7870b76f72320ef98ef4a3d0f,0.99,0.91,0.07999999999999996,0.9101010101010111,192467.70529689975,2026-04-07
2026-04-07 04:24:37,0x8204250ca472673327b8be5cbce7a141678247e3e189888a75c8ff900ac810b0,0x4a402fa7351b5db3d2da0099dc2d540f1d6166df,0.99,0.8899999960930617,0.1000000039069383,0.9101010101010111,192464.9749938694,2026-04-07
2026-04-07 04:24:37,0xb94ae843b637b55fd8793b0b5c8171f77df7e7c6e576f95cd63b03d040d002b0,0x4a402fa7351b5db3d2da0099dc2d540f1d6166df,0.99,0.8299999970851617,0.1600000029148383,0.9101010101010111,286071.53115199716,2026-04-07
2026-04-07 04:24:37,0x8204250ca472673327b8be5cbce7a141678247e3e189888a75c8ff900ac810b0,0xd597ac39743503e7870b76f72320ef98ef4a3d0f,0.99,0.93,0.05999999999999994,0.9101010101010111,192468.61539790986,2026-04-07
2026-04-07 04:24:37,0x74b692f8679414bb811fdb50c2503fb8e55de3eb3ab691a8eb6b739c612bfad1,0x04faee393dcd7132bbee3158aad032074b54f437,0.269999860072963,0.71,-0.44000013992703696,270.2705623142791,191503.1559704662,2026-04-07
2026-04-07 04:24:49,0x1fc59ed5f4ee9379c4905d8a0a0d0c446fd1fc34083ab91fe34bb60e055c5887,0xd597ac39743503e7870b76f72320ef98ef4a3d0f,0.6599999781617614,0.73,-0.07000002183823861,51.41515652852143,14255.586520044335,2026-04-07
2026-04-07 04:24:51,0x8204250ca472673327b8be5cbce7a141678247e3e189888a75c8ff900ac810b0,0xd597ac39743503e7870b76f72320ef98ef4a3d0f,0.99,0.99,0.0,0.9101010101010111,192469.52549891997,2026-04-07
2026-04-07 04:26:35,0x68b0675af5ede56e7a016771961016157e7fafe29992c8ab8eb3381d1f7cff27,0x441b2e0dead463ae8fc2438acaab7c74f929b884,0.99,0.28,-0.71,-100.1,179007.43772585804,2026-04-07
2026-04-07 04:26:37,0x68b0675af5ede56e7a016771961016157e7fafe29992c8ab8eb3381d1f7cff27,0x41c0245323fb8e900de267f84acc61e82a40f959,0.99,0.73,0.26,0.9101010101010111,179008.34782686815,2026-04-07
2026-04-07 04:26:39,0x68b0675af5ede56e7a016771961016157e7fafe29992c8ab8eb3381d1f7cff27,0x04faee393dcd7132bbee3158aad032074b54f437,0.99,0.24,-0.75,-100.1,178908.24782686814,2026-04-07
2026-04-07 04:26:57,0x68b0675af5ede56e7a016771961016157e7fafe29992c8ab8eb3381d1f7cff27,0xc55c26705d06b89d51e9ac9f1e6cca56c2f4bdc8,0.99,0.72,0.27,0.9101010101010111,178910.9781298985,2026-04-07
2026-04-07 04:26:57,0x68b0675af5ede56e7a016771961016157e7fafe29992c8ab8eb3381d1f7cff27,0xc55c26705d06b89d51e9ac9f1e6cca56c2f4bdc8,0.99,0.7199999980799999,0.27000000192000007,0.9101010101010111,178910.06802888837,2026-04-07
2026-04-07 04:26:57,0x68b0675af5ede56e7a016771961016157e7fafe29992c8ab8eb3381d1f7cff27,0x70be8e2bd1b83f0b939a3b7db13732fb9ccf090c,0.99,0.72,0.27,0.9101010101010111,178909.15792787826,2026-04-07
2026-04-07 04:26:59,0x68b0675af5ede56e7a016771961016157e7fafe29992c8ab8eb3381d1f7cff27,0xc55c26705d06b89d51e9ac9f1e6cca56c2f4bdc8,0.99,0.719999985599996,0.270000014400004,0.9101010101010111,178912.79833191872,2026-04-07
2026-04-07 04:26:59,0x68b0675af5ede56e7a016771961016157e7fafe29992c8ab8eb3381d1f7cff27,0xc55c26705d06b89d51e9ac9f1e6cca56c2f4bdc8,0.99,0.7199999654399878,0.2700000345600122,0.9101010101010111,178911.8882309086,2026-04-07
2026-04-07 04:27:05,0xdd42f3a5704667cd0b759c0c1157a49c14f8ef45764dd8d9ca44902344224cc1,0xd5a82396a7d24b5c17d50eac5fc5a13d0b2295b7,0.5932307692307692,0.5932307692307692,0.0,68.46846473029046,292475.1953375526,2026-04-07
2026-04-07 04:27:51,0x68b0675af5ede56e7a016771961016157e7fafe29992c8ab8eb3381d1f7cff27,0xd5a82396a7d24b5c17d50eac5fc5a13d0b2295b7,0.99,0.927706272395507,0.06229372760449303,0.9101010101010111,178913.70843292883,2026-04-07
2026-04-07 04:27:53,0x6a131d9286ef8f76020181c34dd0a39bab1fb828e5ae50276d76b2f5ae46def9,0xd597ac39743503e7870b76f72320ef98ef4a3d0f,0.3,0.82,-0.52,233.23333333333335,179057.0573512621,2026-04-07
2026-04-07 04:27:53,0x8be05ca821d04baecf14dfe20dd6636c222ed11b8c9555cfe24b8cf608e871bc,0xdf68907087aa5f854d634e12fef1d82ed4c7ed10,0.79,0.78,0.010000000000000009,26.48227848101265,192989.14682024554,2026-04-07
2026-04-07 04:27:53,0x8be05ca821d04baecf14dfe20dd6636c222ed11b8c9555cfe24b8cf608e871bc,0x87d3c7a786792a9a843f564ce1038105c2d655fc,0.79,0.7899998850908213,1.149091787278067e-07,26.48227848101265,192962.66454176453,2026-04-07
2026-04-07 04:28:05,0xbd98a7f5e0d906634b685353899ba5927041de19d16054a08aaeea18cfec14c0,0xa6fbd527070abf16092d05512e4c603516de58e2,0.998,0.998,0.0,0.10040080160320658,286114.60981366836,2026-04-07
2026-04-07 04:28:05,0x18a1e24181766f34f719c79fdc0eb23f83678c21578ca115432ff61eeefe4b38,0xa6fbd527070abf16092d05512e4c603516de58e2,0.997,0.997,0.0,0.20090270812437336,13948.91579673691,2026-04-07
2026-04-07 04:28:07,0x8be05ca821d04baecf14dfe20dd6636c222ed11b8c9555cfe24b8cf608e871bc,0x87d3c7a786792a9a843f564ce1038105c2d655fc,0.79,0.7899998850908213,1.149091787278067e-07,26.48227848101265,193068.59365568857,2026-04-07
2026-04-07 04:28:07,0x8be05ca821d04baecf14dfe20dd6636c222ed11b8c9555cfe24b8cf608e871bc,0x87d3c7a786792a9a843f564ce1038105c2d655fc,0.79,0.7799999149089455,0.010000085091054545,26.48227848101265,193042.11137720756,2026-04-07
2026-04-07 04:28:07,0x8be05ca821d04baecf14dfe20dd6636c222ed11b8c9555cfe24b8cf608e871bc,0x87d3c7a786792a9a843f564ce1038105c2d655fc,0.79,0.7899998850908213,1.149091787278067e-07,26.48227848101265,193015.62909872655,2026-04-07
2026-04-07 04:28:13,0x68b0675af5ede56e7a016771961016157e7fafe29992c8ab8eb3381d1f7cff27,0xbfbaf29e2b6abd3fedf13f0efcf3e9ae31d58983,0.99,0.8799999983238093,0.11000000167619073,0.9101010101010111,178914.61853393895,2026-04-07
2026-04-07 04:28:17,0x8be05ca821d04baecf14dfe20dd6636c222ed11b8c9555cfe24b8cf608e871bc,0x87d3c7a786792a9a843f564ce1038105c2d655fc,0.79,0.7899998850908213,1.149091787278067e-07,26.48227848101265,193095.07593416958,2026-04-07
2026-04-07 04:28:37,0x68b0675af5ede56e7a016771961016157e7fafe29992c8ab8eb3381d1f7cff27,0x04faee393dcd7132bbee3158aad032074b54f437,0.99,0.93,0.05999999999999994,0.9101010101010111,178915.52863494906,2026-04-07
2026-04-07 04:29:05,0x8be05ca821d04baecf14dfe20dd6636c222ed11b8c9555cfe24b8cf608e871bc,0x87d3c7a786792a9a843f564ce1038105c2d655fc,0.79,0.7899998850908213,1.149091787278067e-07,26.48227848101265,193121.5582126506,2026-04-07
2026-04-07 04:29:07,0x15b714c6c0e84d0b91c1b67ac45a0cb587855761c1d86a6b389194af302b4b76,0x04faee393dcd7132bbee3158aad032074b54f437,0.02,0.12,0.09999999999999999,-100.1,12330.733052126756,2026-04-07
2026-04-07 04:29:09,0x6a131d9286ef8f76020181c34dd0a39bab1fb828e5ae50276d76b2f5ae46def9,0x04faee393dcd7132bbee3158aad032074b54f437,0.31,0.32,0.010000000000000009,-100.1,178956.9573512621,2026-04-07
2026-04-07 04:29:09,0x68b0675af5ede56e7a016771961016157e7fafe29992c8ab8eb3381d1f7cff27,0x2d3a2efa0516f700165b10561d90fa5a77287d4a,0.99,0.5,0.49,0.9101010101010111,178916.43873595918,2026-04-07
2026-04-07 04:29:09,0x68b0675af5ede56e7a016771961016157e7fafe29992c8ab8eb3381d1f7cff27,0x5b1d976c356fc9d8929dce8f2e9282cf08651d9e,0.99,0.5,0.49,0.9101010101010111,178917.3488369693,2026-04-07
2026-04-07 04:29:09,0x68b0675af5ede56e7a016771961016157e7fafe29992c8ab8eb3381d1f7cff27,0x70be8e2bd1b83f0b939a3b7db13732fb9ccf090c,0.99,0.54,0.44999999999999996,0.9101010101010111,178918.2589379794,2026-04-07
2026-04-07 04:29:09,0x83fdf00352b477b2118e521f79d54304959a5d74205e26f8a698a9f317e130b3,0x04faee393dcd7132bbee3158aad032074b54f437,0.976999983390668,0.928,0.04899998339066791,2.254147082941673,192471.77964600292,2026-04-07
2026-04-07 04:29:11,0x8be05ca821d04baecf14dfe20dd6636c222ed11b8c9555cfe24b8cf608e871bc,0x87d3c7a786792a9a843f564ce1038105c2d655fc,0.79,0.7899998850908213,1.149091787278067e-07,26.48227848101265,193148.0404911316,2026-04-07
2026-04-07 04:29:11,0x1fc59ed5f4ee9379c4905d8a0a0d0c446fd1fc34083ab91fe34bb60e055c5887,0x04faee393dcd7132bbee3158aad032074b54f437,0.6599999781617614,0.61,0.04999997816176138,51.41515652852143,14307.001676572856,2026-04-07
2026-04-07 04:29:11,0x68b0675af5ede56e7a016771961016157e7fafe29992c8ab8eb3381d1f7cff27,0xec22d5d5693dec7f342a9cdf9ff3688b297cd456,0.99,0.63,0.36,0.9101010101010111,178919.16903898952,2026-04-07
2026-04-07 04:29:21,0x68b0675af5ede56e7a016771961016157e7fafe29992c8ab8eb3381d1f7cff27,0x26ea96b5ce30084395a6ac8e2234f3a82f442f4b,0.99,0.7299999914195276,0.26000000858047234,0.9101010101010111,178920.07913999964,2026-04-07
2026-04-07 04:29:21,0x68b0675af5ede56e7a016771961016157e7fafe29992c8ab8eb3381d1f7cff27,0xab6f320b9d9981a599ea07bf3419dad4e6b3a90e,0.99,0.28,-0.71,-100.1,178819.97913999963,2026-04-07
2026-04-07 04:29:23,0x68b0675af5ede56e7a016771961016157e7fafe29992c8ab8eb3381d1f7cff27,0xec22d5d5693dec7f342a9cdf9ff3688b297cd456,0.99,0.82,0.17000000000000004,0.9101010101010111,178820.88924100975,2026-04-07
2026-04-07 04:29:39,0x68b0675af5ede56e7a016771961016157e7fafe29992c8ab8eb3381d1f7cff27,0x20d178acdbf2c96f1a6634c7dc7c9918fdaf75db,0.99,0.7,0.29000000000000004,0.9101010101010111,178821.79934201986,2026-04-07
2026-04-07 04:29:41,0x68b0675af5ede56e7a016771961016157e7fafe29992c8ab8eb3381d1f7cff27,0x04faee393dcd7132bbee3158aad032074b54f437,0.99,0.76,0.22999999999999998,0.9101010101010111,178822.70944302998,2026-04-07
2026-04-07 04:29:41,0xbd4a31805b00b4d73a734424b3e094d54caf2d1246ecc939d57b078dcaae1958,0xdf68907087aa5f854d634e12fef1d82ed4c7ed10,0.92,0.8899999982182181,0.03000000178178197,8.595652173913038,286080.1268041711,2026-04-07
2026-04-07 04:29:41,0xbd4a31805b00b4d73a734424b3e094d54caf2d1246ecc939d57b078dcaae1958,0xdf68907087aa5f854d634e12fef1d82ed4c7ed10,0.92,0.8899999991981982,0.030000000801801874,8.595652173913038,286088.722456345,2026-04-07
2026-04-07 04:30:31,0xbd4a31805b00b4d73a734424b3e094d54caf2d1246ecc939d57b078dcaae1958,0xaad99df3071217c9454ff268afdfedd53a9acaef,0.92,0.909999933818006,0.010000066181994005,8.595652173913038,286097.3181085189,2026-04-07
2026-04-07 04:30:33,0xb0cf2d198be50a30060e4bfeaa679f677be53f5f517d40051b5a41dffdd66844,0x75110b2afa07a881292528a355715a0febe1582e,0.13,0.1,-0.03,-100.1,282643.76901156816,2026-04-07
2026-04-07 04:30:33,0xbd4a31805b00b4d73a734424b3e094d54caf2d1246ecc939d57b078dcaae1958,0xaad99df3071217c9454ff268afdfedd53a9acaef,0.92,0.909999933818006,0.010000066181994005,8.595652173913038,286105.9137606928,2026-04-07
2026-04-07 04:30:33,0xbd4a31805b00b4d73a734424b3e094d54caf2d1246ecc939d57b078dcaae1958,0xaad99df3071217c9454ff268afdfedd53a9acaef,0.92,0.909999933818006,0.010000066181994005,8.595652173913038,286114.5094128667,2026-04-07
2026-04-07 04:30:35,0x7672d1912b8beddb0bcc5865142de874cd458940cc1c954a2b121b4c2f9e1cb6,0x5a65d33304b676b3e98b7a47a6a2dec7162b5a42,0.61,0.53,0.07999999999999996,63.8344262295082,191466.8903966957,2026-04-07
2026-04-07 04:30:39,0x7672d1912b8beddb0bcc5865142de874cd458940cc1c954a2b121b4c2f9e1cb6,0x5a65d33304b676b3e98b7a47a6a2dec7162b5a42,0.61,0.56,0.04999999999999993,63.8344262295082,191530.7248229252,2026-04-07
2026-04-07 04:30:39,0x3d206a6df06a7ef50fd89e10de1bca31edfa27c3e72568e581e1a92643bdcabd,0xcfb103c37c0234f524c632d964ed31f117b5f694,0.26,0.5,-0.24,284.51538461538456,98687.16635937917,2026-04-07
2026-04-07 04:30:41,0xb0cf2d198be50a30060e4bfeaa679f677be53f5f517d40051b5a41dffdd66844,0x809866978e1b5b4bc4d2f24963427ed6aad75646,0.13,0.1,-0.03,-100.1,282543.6690115682,2026-04-07
2026-04-07 04:30:41,0x3d206a6df06a7ef50fd89e10de1bca31edfa27c3e72568e581e1a92643bdcabd,0xcfb103c37c0234f524c632d964ed31f117b5f694,0.26,0.53,-0.27,284.51538461538456,99256.19712860994,2026-04-07
2026-04-07 04:30:41,0x3d206a6df06a7ef50fd89e10de1bca31edfa27c3e72568e581e1a92643bdcabd,0xcfb103c37c0234f524c632d964ed31f117b5f694,0.26,0.5096371552975326,-0.2496371552975326,284.51538461538456,98971.68174399456,2026-04-07
2026-04-07 04:31:13,0x74b692f8679414bb811fdb50c2503fb8e55de3eb3ab691a8eb6b739c612bfad1,0x619e3c4bc07e157e03afcf379cdd49df55e836ff,0.25,0.25,0.0,-100.1,191403.0559704662,2026-04-07
2026-04-07 04:31:13,0x341dd292c29bb486a0c3d44b6df25d70b27866ac22df8f95f1a8c17a239cfca3,0x619e3c4bc07e157e03afcf379cdd49df55e836ff,0.7,0.719999981459224,-0.019999981459223992,42.75714285714286,83327.96205363693,2026-04-07
2026-04-07 04:31:43,0xb0cf2d198be50a30060e4bfeaa679f677be53f5f517d40051b5a41dffdd66844,0xdf68907087aa5f854d634e12fef1d82ed4c7ed10,0.13,0.8599999995373857,-0.7299999995373857,669.1307692307691,285889.32285772206,2026-04-07
2026-04-07 04:31:43,0xb0cf2d198be50a30060e4bfeaa679f677be53f5f517d40051b5a41dffdd66844,0xdf68907087aa5f854d634e12fef1d82ed4c7ed10,0.13,0.86,-0.73,669.1307692307691,285220.1920884913,2026-04-07
2026-04-07 04:31:43,0xb0cf2d198be50a30060e4bfeaa679f677be53f5f517d40051b5a41dffdd66844,0xdf68907087aa5f854d634e12fef1d82ed4c7ed10,0.13,0.8599999944155831,-0.729999994415583,669.1307692307691,284551.0613192605,2026-04-07
2026-04-07 04:31:43,0xb0cf2d198be50a30060e4bfeaa679f677be53f5f517d40051b5a41dffdd66844,0x75110b2afa07a881292528a355715a0febe1582e,0.13,0.86,-0.73,669.1307692307691,283881.93055002973,2026-04-07
2026-04-07 04:31:43,0xb0cf2d198be50a30060e4bfeaa679f677be53f5f517d40051b5a41dffdd66844,0x75110b2afa07a881292528a355715a0febe1582e,0.13,0.8499999877873424,-0.7199999877873424,669.1307692307691,283212.79978079896,2026-04-07
2026-04-07 04:32:19,0x3d206a6df06a7ef50fd89e10de1bca31edfa27c3e72568e581e1a92643bdcabd,0xcfb103c37c0234f524c632d964ed31f117b5f694,0.26,0.31,0.04999999999999999,-100.1,99156.09712860994,2026-04-07
2026-04-07 05:33:15,0x299221ddf1ad04f054f01686591bbf8afeb88c3d41e0fd101968a92c98305c5f,0xcfb103c37c0234f524c632d964ed31f117b5f694,0.99,0.24,-0.75,-100.1,23978.623902498788,2026-04-07
2026-04-07 05:33:27,0x299221ddf1ad04f054f01686591bbf8afeb88c3d41e0fd101968a92c98305c5f,0x31b84880fae691ef42754e9fa00fe57b6c691874,0.99,0.96,0.030000000000000027,0.9101010101010111,23980.44410451899,2026-04-07
2026-04-07 05:33:27,0x299221ddf1ad04f054f01686591bbf8afeb88c3d41e0fd101968a92c98305c5f,0x26ea96b5ce30084395a6ac8e2234f3a82f442f4b,0.99,0.96,0.030000000000000027,0.9101010101010111,23979.53400350889,2026-04-07
2026-04-07 05:33:29,0x299221ddf1ad04f054f01686591bbf8afeb88c3d41e0fd101968a92c98305c5f,0x31b84880fae691ef42754e9fa00fe57b6c691874,0.99,0.96,0.030000000000000027,0.9101010101010111,23982.26430653919,2026-04-07
2026-04-07 05:33:29,0x299221ddf1ad04f054f01686591bbf8afeb88c3d41e0fd101968a92c98305c5f,0x31b84880fae691ef42754e9fa00fe57b6c691874,0.99,0.96,0.030000000000000027,0.9101010101010111,23981.35420552909,2026-04-07
2026-04-07 05:33:57,0x7cce0f304467016e11586997e438e0789137019701bcd18e3caf4220862703cd,0x207c4a162c2e14973ef1eff6e4e2510e7f1e27eb,0.5,0.5,0.0,99.9,192564.1647927592,2026-04-07
2026-04-07 05:34:01,0x6a55b20ece882d8ac181004b75052dd8b640eabd9897bde4666972054a8c3ff2,0xf616121e0a9a5222a0735319e9cf3a77eadc35c6,0.99,0.97,0.020000000000000018,0.9101010101010111,178957.8674522722,2026-04-07
2026-04-07 05:34:27,0x299221ddf1ad04f054f01686591bbf8afeb88c3d41e0fd101968a92c98305c5f,0xc8d2470d88dee02b8f9bec599413a3397729e533,0.99,0.9632664645997412,0.0267335354002588,0.9101010101010111,23983.17440754929,2026-04-07
2026-04-07 05:34:53,0x299221ddf1ad04f054f01686591bbf8afeb88c3d41e0fd101968a92c98305c5f,0xd8bc5b1262c7d87b5fb476625749d761c1667294,0.99,0.99,0.0,0.9101010101010111,23984.08450855939,2026-04-07
2026-04-07 05:35:13,0x8e6ed3b8329104b4cd59b316f406ed1b33317ad9a0ddc3bf3e184cfa31a39a7f,0x54d7c6958c12c67049eff0ec2f78af59f42d55c2,0.61,0.61,0.0,63.8344262295082,193211.8749173611,2026-04-07
2026-04-07 05:35:19,0x684556a9e647ab9ba09e1ce8b5530a756d327bb9636c3b963ed393389f48be71,0xcfb103c37c0234f524c632d964ed31f117b5f694,0.99,0.41,-0.5800000000000001,-100.1,179394.18621070634,2026-04-07
2026-04-07 05:35:19,0x684556a9e647ab9ba09e1ce8b5530a756d327bb9636c3b963ed393389f48be71,0xcfb103c37c0234f524c632d964ed31f117b5f694,0.99,0.59,0.4,0.9101010101010111,179494.28621070634,2026-04-07
2026-04-07 05:35:19,0x4b855480d4c4cb2568001ee0bf73acaf9c15ffcfd706ad46208f4a5976950a45,0xaeaf20d612b72e06750577bd69fbf08983349ce1,0.36,0.5,-0.14,177.67777777777778,99792.19483974967,2026-04-07
2026-04-07 05:35:41,0x684556a9e647ab9ba09e1ce8b5530a756d327bb9636c3b963ed393389f48be71,0x70be8e2bd1b83f0b939a3b7db13732fb9ccf090c,0.99,0.63,0.36,0.9101010101010111,179395.09631171645,2026-04-07
2026-04-07 05:35:43,0x684556a9e647ab9ba09e1ce8b5530a756d327bb9636c3b963ed393389f48be71,0xcfb103c37c0234f524c632d964ed31f117b5f694,0.99,0.6323267326732673,0.35767326732673266,0.9101010101010111,179396.00641272657,2026-04-07
2026-04-07 05:35:45,0x3fdbcf52f9da321169eea6ed5e8487bb1aac304e78f9df316ce92f3155058c57,0x619e3c4bc07e157e03afcf379cdd49df55e836ff,0.99,0.5599999613792996,0.43000003862070035,0.9101010101010111,99569.35322768427,2026-04-07
2026-04-07 05:36:25,0x54d1fc7e81826b20140375c627262f2738f36ffaacd05833d9a276939d4fb36f,0xd597ac39743503e7870b76f72320ef98ef4a3d0f,0.99,0.77,0.21999999999999997,0.9101010101010111,100105.86846403248,2026-04-07
2026-04-07 05:36:25,0x54d1fc7e81826b20140375c627262f2738f36ffaacd05833d9a276939d4fb36f,0xd597ac39743503e7870b76f72320ef98ef4a3d0f,0.99,0.75,0.24,0.9101010101010111,100104.95836302238,2026-04-07
2026-04-07 05:36:25,0x54d1fc7e81826b20140375c627262f2738f36ffaacd05833d9a276939d4fb36f,0xd597ac39743503e7870b76f72320ef98ef4a3d0f,0.99,0.74,0.25,0.9101010101010111,100104.04826201228,2026-04-07
2026-04-07 05:36:25,0x684556a9e647ab9ba09e1ce8b5530a756d327bb9636c3b963ed393389f48be71,0xd597ac39743503e7870b76f72320ef98ef4a3d0f,0.99,0.81,0.17999999999999994,0.9101010101010111,179398.7367157569,2026-04-07
2026-04-07 05:36:25,0x684556a9e647ab9ba09e1ce8b5530a756d327bb9636c3b963ed393389f48be71,0xd597ac39743503e7870b76f72320ef98ef4a3d0f,0.99,0.8,0.18999999999999995,0.9101010101010111,179397.8266147468,2026-04-07
2026-04-07 05:36:25,0x684556a9e647ab9ba09e1ce8b5530a756d327bb9636c3b963ed393389f48be71,0xd597ac39743503e7870b76f72320ef98ef4a3d0f,0.99,0.8,0.18999999999999995,0.9101010101010111,179396.91651373668,2026-04-07
2026-04-07 05:36:27,0x54d1fc7e81826b20140375c627262f2738f36ffaacd05833d9a276939d4fb36f,0xd597ac39743503e7870b76f72320ef98ef4a3d0f,0.99,0.73,0.26,0.9101010101010111,100106.77856504258,2026-04-07
2026-04-07 05:36:41,0x54d1fc7e81826b20140375c627262f2738f36ffaacd05833d9a276939d4fb36f,0xd597ac39743503e7870b76f72320ef98ef4a3d0f,0.99,0.74,0.25,0.9101010101010111,100107.68866605268,2026-04-07
2026-04-07 05:36:43,0x684556a9e647ab9ba09e1ce8b5530a756d327bb9636c3b963ed393389f48be71,0x9167e21c88b9dbe18a9865c0294b0fe1f3541eb5,0.99,0.8199999983599999,0.17000000164000006,0.9101010101010111,179399.64681676702,2026-04-07
2026-04-07 05:36:45,0x57f3054f827dc009fd7a615a798d8e6bf836de198ddc9ca168fcba29ae488448,0x880d2b8f3df6881150d1ef1a1f2ac0767e39adb6,0.998,0.998,0.0,0.10040080160320658,100132.80001504587,2026-04-07
2026-04-07 05:37:23,0x4b855480d4c4cb2568001ee0bf73acaf9c15ffcfd706ad46208f4a5976950a45,0xaeaf20d612b72e06750577bd69fbf08983349ce1,0.36,0.4499997974998886,0.08999979749988862,-100.1,99692.09483974967,2026-04-07
2026-04-07 05:37:33,0xd07f95f0a5f9ca896dacb868bae64f272c8b24b04ee1db17791917d9e57e897c,0xc8d2470d88dee02b8f9bec599413a3397729e533,0.99,0.5029585785424179,0.4870414214575821,0.9101010101010111,286173.0834384789,2026-04-07
2026-04-07 05:37:53,0x4b855480d4c4cb2568001ee0bf73acaf9c15ffcfd706ad46208f4a5976950a45,0xaeaf20d612b72e06750577bd69fbf08983349ce1,0.36,0.559999889108823,-0.19999988910882305,177.67777777777778,99869.77261752744,2026-04-07
2026-04-07 05:37:53,0x684556a9e647ab9ba09e1ce8b5530a756d327bb9636c3b963ed393389f48be71,0xec22d5d5693dec7f342a9cdf9ff3688b297cd456,0.99,0.67,0.31999999999999995,0.9101010101010111,179400.55691777714,2026-04-07
2026-04-07 05:38:07,0xd07f95f0a5f9ca896dacb868bae64f272c8b24b04ee1db17791917d9e57e897c,0xd597ac39743503e7870b76f72320ef98ef4a3d0f,0.99,0.47,-0.52,-100.1,286072.9834384789,2026-04-07
2026-04-07 05:38:07,0x27189325245113ac3d0da6aa22d97d124fa1bd95dd61f8e41d2c71600c661f87,0x04faee393dcd7132bbee3158aad032074b54f437,0.7199999807999877,0.68,0.03999998079998768,38.788892592595055,24078.723902498787,2026-04-07
2026-04-07 05:38:07,0x74abd5d68b8afbafdcf0d05b33988c807585a931943d496a623fcd669d37fad9,0x04faee393dcd7132bbee3158aad032074b54f437,0.99,0.82,0.17000000000000004,0.9101010101010111,191230.15510512158,2026-04-07
2026-04-07 05:38:17,0x684556a9e647ab9ba09e1ce8b5530a756d327bb9636c3b963ed393389f48be71,0xcfb103c37c0234f524c632d964ed31f117b5f694,0.99,0.74,0.25,0.9101010101010111,179401.46701878725,2026-04-07
2026-04-07 05:38:29,0x684556a9e647ab9ba09e1ce8b5530a756d327bb9636c3b963ed393389f48be71,0xcfb103c37c0234f524c632d964ed31f117b5f694,0.99,0.3048648648648648,-0.6851351351351351,-100.1,179301.36701878725,2026-04-07
2026-04-07 05:38:31,0x684556a9e647ab9ba09e1ce8b5530a756d327bb9636c3b963ed393389f48be71,0xec22d5d5693dec7f342a9cdf9ff3688b297cd456,0.99,0.43,-0.56,-100.1,179202.17711979736,2026-04-07
2026-04-07 05:38:31,0x684556a9e647ab9ba09e1ce8b5530a756d327bb9636c3b963ed393389f48be71,0xcfb103c37c0234f524c632d964ed31f117b5f694,0.99,0.6174216216216216,0.37257837837837837,0.9101010101010111,179302.27711979736,2026-04-07
2026-04-07 05:38:33,0x684556a9e647ab9ba09e1ce8b5530a756d327bb9636c3b963ed393389f48be71,0x75110b2afa07a881292528a355715a0febe1582e,0.99,0.3799999961001641,-0.6100000038998359,-100.1,179102.07711979735,2026-04-07
2026-04-07 05:38:59,0x4b855480d4c4cb2568001ee0bf73acaf9c15ffcfd706ad46208f4a5976950a45,0xaeaf20d612b72e06750577bd69fbf08983349ce1,0.36,0.6,-0.24,177.67777777777778,100047.45039530522,2026-04-07
2026-04-07 05:39:01,0x684556a9e647ab9ba09e1ce8b5530a756d327bb9636c3b963ed393389f48be71,0xc55c26705d06b89d51e9ac9f1e6cca56c2f4bdc8,0.99,0.8499999971666657,0.14000000283333425,0.9101010101010111,179102.98722080747,2026-04-07
2026-04-07 05:39:01,0x684556a9e647ab9ba09e1ce8b5530a756d327bb9636c3b963ed393389f48be71,0xc55c26705d06b89d51e9ac9f1e6cca56c2f4bdc8,0.99,0.849999995749999,0.14000000425000103,0.9101010101010111,179103.89732181758,2026-04-07
2026-04-07 05:39:03,0x684556a9e647ab9ba09e1ce8b5530a756d327bb9636c3b963ed393389f48be71,0x4a402fa7351b5db3d2da0099dc2d540f1d6166df,0.99,0.8599999987616986,0.13000000123830135,0.9101010101010111,179104.8074228277,2026-04-07
2026-04-07 05:39:03,0x684556a9e647ab9ba09e1ce8b5530a756d327bb9636c3b963ed393389f48be71,0xc55c26705d06b89d51e9ac9f1e6cca56c2f4bdc8,0.99,0.86,0.13,0.9101010101010111,179105.7175238378,2026-04-07
2026-04-07 05:39:03,0x74abd5d68b8afbafdcf0d05b33988c807585a931943d496a623fcd669d37fad9,0x4a402fa7351b5db3d2da0099dc2d540f1d6166df,0.99,0.86,0.13,0.9101010101010111,191231.0652061317,2026-04-07
2026-04-07 05:39:05,0x684556a9e647ab9ba09e1ce8b5530a756d327bb9636c3b963ed393389f48be71,0x552e1b8c0764335522fa135152ffc3f4ae17b01d,0.99,0.877343,0.11265700000000001,0.9101010101010111,179106.62762484793,2026-04-07
2026-04-07 05:39:11,0x54d1fc7e81826b20140375c627262f2738f36ffaacd05833d9a276939d4fb36f,0xd597ac39743503e7870b76f72320ef98ef4a3d0f,0.99,0.53,0.45999999999999996,0.9101010101010111,100109.50886807288,2026-04-07
2026-04-07 05:39:11,0x54d1fc7e81826b20140375c627262f2738f36ffaacd05833d9a276939d4fb36f,0xd597ac39743503e7870b76f72320ef98ef4a3d0f,0.99,0.52,0.47,0.9101010101010111,100108.59876706278,2026-04-07
2026-04-07 05:39:11,0x74abd5d68b8afbafdcf0d05b33988c807585a931943d496a623fcd669d37fad9,0xd597ac39743503e7870b76f72320ef98ef4a3d0f,0.99,0.91,0.07999999999999996,0.9101010101010111,191231.9753071418,2026-04-07
2026-04-07 05:39:15,0xd07f95f0a5f9ca896dacb868bae64f272c8b24b04ee1db17791917d9e57e897c,0x4a402fa7351b5db3d2da0099dc2d540f1d6166df,0.99,0.82,0.17000000000000004,0.9101010101010111,286073.893539489,2026-04-07
2026-04-07 05:39:19,0x74abd5d68b8afbafdcf0d05b33988c807585a931943d496a623fcd669d37fad9,0x0abf961e454614ee5ef86d935df29ffa4eb9a278,0.99,0.9741963850805012,0.015803614919498776,0.9101010101010111,191232.88540815192,2026-04-07
2026-04-07 05:39:31,0x684556a9e647ab9ba09e1ce8b5530a756d327bb9636c3b963ed393389f48be71,0x53edea0b4fe8ffea4a5ce1316aad23eb87d27759,0.99,0.92574144486692,0.06425855513307999,0.9101010101010111,179107.53772585804,2026-04-07
2026-04-07 22:25:57,0x5e9c44ba0427e7f12cfdb6cb68e9e67114f5a20266eb2434772b84f29bf7e99b,0x41c0245323fb8e900de267f84acc61e82a40f959,0.01,0.369999928740728,0.359999928740728,-100.1,100390.39447704321,2026-04-07
2026-04-07 22:25:59,0x9e7eca2176c262794ef4c5cbf64f4e2a786b41348283707dd578b83e889b7867,0x84ad9c5c547a82ec9a08547b94bd922446e5bfb7,0.88,0.87,0.010000000000000009,13.536363636363637,282772.8518398509,2026-04-07
2026-04-07 22:26:11,0x5e9c44ba0427e7f12cfdb6cb68e9e67114f5a20266eb2434772b84f29bf7e99b,0x53edea0b4fe8ffea4a5ce1316aad23eb87d27759,0.01,0.48,0.47,-100.1,100290.29447704321,2026-04-07
2026-04-07 22:26:11,0x5e9c44ba0427e7f12cfdb6cb68e9e67114f5a20266eb2434772b84f29bf7e99b,0x5b1d976c356fc9d8929dce8f2e9282cf08651d9e,0.01,0.4899999813799988,0.4799999813799988,-100.1,100190.1944770432,2026-04-07
2026-04-07 22:26:11,0x5733bd6efdc32313984f3cdd8819a026de95bd42b377a263bbb0b0a225502ef9,0xeb4a41390d6b0efab728a4d799f78e5fc4b19386,0.93,0.8199999722033436,0.11000002779665641,7.426881720430102,100125.27273252384,2026-04-07
2026-04-07 22:26:11,0x5733bd6efdc32313984f3cdd8819a026de95bd42b377a263bbb0b0a225502ef9,0xab6f320b9d9981a599ea07bf3419dad4e6b3a90e,0.93,0.8299999824647644,0.10000001753523569,7.426881720430102,100117.84585080341,2026-04-07
2026-04-07 22:26:11,0x5e9c44ba0427e7f12cfdb6cb68e9e67114f5a20266eb2434772b84f29bf7e99b,0xec22d5d5693dec7f342a9cdf9ff3688b297cd456,0.01,0.55,-0.54,9899.9,110090.0944770432,2026-04-07
2026-04-07 22:26:13,0x5e9c44ba0427e7f12cfdb6cb68e9e67114f5a20266eb2434772b84f29bf7e99b,0xec22d5d5693dec7f342a9cdf9ff3688b297cd456,0.01,0.53,-0.52,9899.9,119989.99447704319,2026-04-07
2026-04-07 22:26:25,0x9b21ee62a7a7db71c095f23867a5dea3593cdd40f1991d1504b64aa9f82ee26e,0x84ad9c5c547a82ec9a08547b94bd922446e5bfb7,0.7599999426413514,0.71,0.049999942641351436,31.478957298935757,218766.76415531323,2026-04-07
2026-04-07 22:26:25,0x9b21ee62a7a7db71c095f23867a5dea3593cdd40f1991d1504b64aa9f82ee26e,0x84ad9c5c547a82ec9a08547b94bd922446e5bfb7,0.7599999426413514,0.71,0.049999942641351436,31.478957298935757,218703.80624071535,2026-04-07
2026-04-07 22:26:25,0x9b21ee62a7a7db71c095f23867a5dea3593cdd40f1991d1504b64aa9f82ee26e,0x84ad9c5c547a82ec9a08547b94bd922446e5bfb7,0.7599999426413514,0.71,0.049999942641351436,31.478957298935757,218735.2851980143,2026-04-07
2026-04-07 22:26:27,0xbfbccaaa215dfd9f52df98eabe64bfe8e612e382ad9a3f6263a5f911ee696552,0x6e5991c7d8d2b97b774d1146d2155b612e81beee,0.52,0.5299999999539978,-0.009999999953997807,92.2076923076923,286206.81750597607,2026-04-07
2026-04-07 22:27:59,0x5e9c44ba0427e7f12cfdb6cb68e9e67114f5a20266eb2434772b84f29bf7e99b,0x940e74c8bf9edd87a03c5e14590f77a0a33bda69,0.01,0.92,-0.91,9899.9,129889.89447704318,2026-04-07
2026-04-07 22:27:59,0x5e9c44ba0427e7f12cfdb6cb68e9e67114f5a20266eb2434772b84f29bf7e99b,0xc43ae253192cf2a9729c9217f22e8465dbf021a4,0.01,0.92,-0.91,9899.9,139789.79447704318,2026-04-07
2026-04-07 22:28:21,0x0aa19c6f6550899dc897550deeb5b06b96b05795f0d7491082fff59d0f88cb39,0xc43ae253192cf2a9729c9217f22e8465dbf021a4,0.96,0.94,0.020000000000000018,4.066666666666671,9897.654710571675,2026-04-07
2026-04-07 22:28:23,0x5733bd6efdc32313984f3cdd8819a026de95bd42b377a263bbb0b0a225502ef9,0x4152978123c00e43039d6972909be9a54530f269,0.93,0.92,0.010000000000000009,7.426881720430102,100132.69961424427,2026-04-07
2026-04-07 22:31:09,0x23add43a05793cc051b33769d0fcecba7643aa6543f18cb5a410e309833e1a7d,0xec22d5d5693dec7f342a9cdf9ff3688b297cd456,0.47,0.47,0.0,-100.1,14240.13500990619,2026-04-07
2026-04-07 22:31:09,0x452ece66f370b41004ecd68b90781eb5c5bdd4a4be53d611fb153afa17786e9e,0x5acd5e3552a284932ac6655f8b76379b1497058b,0.5699999520201899,0.5899999924132013,-0.020000040393011398,75.33861125879167,99609.9665569214,2026-04-07
2026-04-07 22:31:09,0x4e986dc6c48a0a934f2c08224b4fe96958b447c01acbc4144c384fec435cbdce,0xa6fbd527070abf16092d05512e4c603516de58e2,0.82,0.82,0.0,21.851219512195126,100069.60322124313,2026-04-07
2026-04-07 22:31:09,0x2daf0ba487e3b6000c1ad9be557577ba18918a077e6b43bcb57f41d5e305f7df,0xa6fbd527070abf16092d05512e4c603516de58e2,0.999,0.999,0.0,0.00010010010010018389,83383.48460865949,2026-04-07
2026-04-07 22:31:09,0xb2466f5d6f8e63895f28b0ccbc53dc79a0ea117c1c16002097d35c49813e1ebb,0xa6fbd527070abf16092d05512e4c603516de58e2,0.997,0.997,0.0,0.20090270812437336,285992.1493929413,2026-04-07
2026-04-07 22:31:09,0x8480c1aacb127ef2c2b151be29795cb3c9d25a737f87acee440b33ac71ec92f1,0xa6fbd527070abf16092d05512e4c603516de58e2,0.989,0.989,0.0,1.0122345803842274,192472.7918805833,2026-04-07
2026-04-07 22:31:09,0x452ece66f370b41004ecd68b90781eb5c5bdd4a4be53d611fb153afa17786e9e,0x5acd5e3552a284932ac6655f8b76379b1497058b,0.5699999520201899,0.63,-0.06000004797981007,75.33861125879167,99534.6279456626,2026-04-07
2026-04-07 23:02:53,0x4e986dc6c48a0a934f2c08224b4fe96958b447c01acbc4144c384fec435cbdce,0xa6fbd527070abf16092d05512e4c603516de58e2,0.75,0.75,0.0,33.233333333333334,100102.83655457647,2026-04-07
2026-04-07 23:02:53,0x2daf0ba487e3b6000c1ad9be557577ba18918a077e6b43bcb57f41d5e305f7df,0xa6fbd527070abf16092d05512e4c603516de58e2,0.999,0.999,0.0,0.00010010010010018389,83383.4847087596,2026-04-07
2026-04-07 23:02:53,0x8480c1aacb127ef2c2b151be29795cb3c9d25a737f87acee440b33ac71ec92f1,0xa6fbd527070abf16092d05512e4c603516de58e2,0.99,0.99,0.0,0.9101010101010111,192473.70198159342,2026-04-07
2026-04-07 23:02:53,0xc30cfaaafa3c9f56675f7b85c58284a73a7451b60a50518d059a25e5fc65ff34,0xa6fbd527070abf16092d05512e4c603516de58e2,0.951,0.951,0.0,5.052471083070457,286228.2517952412,2026-04-07
2026-04-07 23:02:53,0xb2466f5d6f8e63895f28b0ccbc53dc79a0ea117c1c16002097d35c49813e1ebb,0xa6fbd527070abf16092d05512e4c603516de58e2,0.999,0.999,0.0,0.00010010010010018389,285992.14949304145,2026-04-07
2026-04-07 23:03:23,0xef036142f9e08fe2fb8ecc528088ec5b9617bc5a29f30da2b4d7648a09502feb,0x84ad9c5c547a82ec9a08547b94bd922446e5bfb7,0.4099999023809291,0.42,0.010000097619070891,-100.1,293499.34041095275,2026-04-07
2026-04-07 23:05:23,0x0edf71d55701d0edc1d7c2fcf1aac15640ebbda0c3cce081275f570fd0a599c3,0x506f9f7a48247c9e8760ce6cbbdc395a1f646653,0.2,0.77,-0.5700000000000001,399.9,10229.812850106558,2026-04-07
2026-04-07 23:05:23,0x0edf71d55701d0edc1d7c2fcf1aac15640ebbda0c3cce081275f570fd0a599c3,0x0079c31913ed195a00d17c23562e78d46a3154d8,0.2,0.2965599051008303,0.09655990510083029,-100.1,9829.912850106559,2026-04-07
2026-04-07 23:05:23,0x1bf9497cf26ac62d3dfad5c7eb85a79efc716bff43e80763be93b93d73ac73f7,0xaeaf20d612b72e06750577bd69fbf08983349ce1,0.5399999890909071,0.5899998465998865,-0.049999857508979395,85.08518892630082,14034.000985663211,2026-04-07
2026-04-07 23:05:23,0x1bf9497cf26ac62d3dfad5c7eb85a79efc716bff43e80763be93b93d73ac73f7,0xb33fa0fc31f3969bdd7d169e2e64310fe1279277,0.5399999890909071,0.58,-0.04000001090909289,85.08518892630082,14119.086174589513,2026-04-07
2026-04-07 23:05:23,0x9b21ee62a7a7db71c095f23867a5dea3593cdd40f1991d1504b64aa9f82ee26e,0x84ad9c5c547a82ec9a08547b94bd922446e5bfb7,0.32,0.36,0.03999999999999998,-100.1,218666.66415531322,2026-04-07
2026-04-07 23:05:23,0x0edf71d55701d0edc1d7c2fcf1aac15640ebbda0c3cce081275f570fd0a599c3,0xe7a98c5720570c56e259d4915cdbc650b0afede3,0.2,0.79,-0.5900000000000001,399.9,11029.612850106558,2026-04-07
2026-04-07 23:05:23,0x0edf71d55701d0edc1d7c2fcf1aac15640ebbda0c3cce081275f570fd0a599c3,0x506f9f7a48247c9e8760ce6cbbdc395a1f646653,0.2,0.79,-0.5900000000000001,399.9,10629.712850106558,2026-04-07
2026-04-07 23:05:25,0x5b965a7b3603b4d6c1374e3aa070346284ff8da6f34706926a6a16e5d9ecba60,0xeb4a41390d6b0efab728a4d799f78e5fc4b19386,0.56,0.53,0.030000000000000027,78.47142857142856,100111.2718444189,2026-04-07
2026-04-07 23:05:25,0x0edf71d55701d0edc1d7c2fcf1aac15640ebbda0c3cce081275f570fd0a599c3,0xe7a98c5720570c56e259d4915cdbc650b0afede3,0.2,0.77,-0.5700000000000001,399.9,11429.512850106557,2026-04-07
2026-04-07 23:05:33,0x0edf71d55701d0edc1d7c2fcf1aac15640ebbda0c3cce081275f570fd0a599c3,0x506f9f7a48247c9e8760ce6cbbdc395a1f646653,0.2,0.78,-0.5800000000000001,399.9,11829.412850106557,2026-04-07
2026-04-07 23:05:35,0x5b965a7b3603b4d6c1374e3aa070346284ff8da6f34706926a6a16e5d9ecba60,0x4152978123c00e43039d6972909be9a54530f269,0.56,0.51,0.050000000000000044,78.47142857142856,100189.74327299032,2026-04-07
2026-04-07 23:05:35,0x1bf9497cf26ac62d3dfad5c7eb85a79efc716bff43e80763be93b93d73ac73f7,0xb33fa0fc31f3969bdd7d169e2e64310fe1279277,0.5399999890909071,0.6,-0.060000010909092905,85.08518892630082,14204.171363515814,2026-04-07
2026-04-07 23:05:37,0x0edf71d55701d0edc1d7c2fcf1aac15640ebbda0c3cce081275f570fd0a599c3,0x295bd19a815180f42a04964929b9a77c328adc60,0.2,0.75,-0.55,399.9,12229.312850106557,2026-04-07
2026-04-07 23:05:43,0x5b965a7b3603b4d6c1374e3aa070346284ff8da6f34706926a6a16e5d9ecba60,0xab6f320b9d9981a599ea07bf3419dad4e6b3a90e,0.56,0.5299999981071422,0.030000001892857897,78.47142857142856,100268.21470156175,2026-04-07
2026-04-07 23:05:43,0xcf5e6aaa21f97656f068d135a0a0f07450772decd1d717acc0fb8f57989caf5c,0x84ad9c5c547a82ec9a08547b94bd922446e5bfb7,0.41,0.41,0.0,-100.1,286172.17333746876,2026-04-07
2026-04-07 23:05:57,0x0edf71d55701d0edc1d7c2fcf1aac15640ebbda0c3cce081275f570fd0a599c3,0x295bd19a815180f42a04964929b9a77c328adc60,0.2,0.83,-0.6299999999999999,399.9,12629.212850106556,2026-04-07
2026-04-07 23:05:57,0x0edf71d55701d0edc1d7c2fcf1aac15640ebbda0c3cce081275f570fd0a599c3,0x295bd19a815180f42a04964929b9a77c328adc60,0.2,0.2334398058252427,0.0334398058252427,-100.1,12529.112850106556,2026-04-07
2026-04-07 23:05:59,0x0edf71d55701d0edc1d7c2fcf1aac15640ebbda0c3cce081275f570fd0a599c3,0x295bd19a815180f42a04964929b9a77c328adc60,0.2,0.22,0.01999999999999999,-100.1,12429.012850106556,2026-04-07
2026-04-08 01:29:37,0x5fe2009e3fb91d356f48d15a78e78b45bc0a14e04efb92de8213d246a04a74af,0xb33fa0fc31f3969bdd7d169e2e64310fe1279277,0.01,0.88,-0.87,9899.9,149689.69447704317,2026-04-08
2026-04-08 01:29:37,0x47e5dd69de3b072e1635b6804e966cf125226b02035d30cce07e4bc5e08c4fc5,0x940e74c8bf9edd87a03c5e14590f77a0a33bda69,0.99,0.9699999980599976,0.0200000019400024,0.9101010101010111,99611.7867589416,2026-04-08
2026-04-08 01:29:37,0x47e5dd69de3b072e1635b6804e966cf125226b02035d30cce07e4bc5e08c4fc5,0x940e74c8bf9edd87a03c5e14590f77a0a33bda69,0.99,0.99,0.0,0.9101010101010111,99610.8766579315,2026-04-08
2026-04-08 01:29:39,0x100a464f09f41247e0e13ae76940f3655e76fe2ce5cc2e45ff09722c260036f1,0x0b1e59d0bddcdad5911cfff7f7dde2ce4b3d9ce2,0.99,0.75,0.24,0.9101010101010111,12429.922951116656,2026-04-08
2026-04-08 01:29:39,0x100a464f09f41247e0e13ae76940f3655e76fe2ce5cc2e45ff09722c260036f1,0x12833660d6d838981c33dfe11a14b6c82f77ddf0,0.99,0.75,0.24,0.9101010101010111,12430.833052126756,2026-04-08
2026-04-08 01:29:39,0x5dabab755412516e0e28a8902a2205c82614a35189ac25f6ba29f08f2f6c06ce,0x0b1e59d0bddcdad5911cfff7f7dde2ce4b3d9ce2,0.9097798294235752,0.85,0.05977982942357518,9.816703762666092,100386.10606718053,2026-04-08
2026-04-08 01:29:39,0x5fe2009e3fb91d356f48d15a78e78b45bc0a14e04efb92de8213d246a04a74af,0xb33fa0fc31f3969bdd7d169e2e64310fe1279277,0.01,0.92,-0.91,9899.9,159589.59447704317,2026-04-08
2026-04-08 01:29:39,0x5fe2009e3fb91d356f48d15a78e78b45bc0a14e04efb92de8213d246a04a74af,0xb33fa0fc31f3969bdd7d169e2e64310fe1279277,0.01,0.92,-0.91,9899.9,169489.49447704316,2026-04-08
2026-04-08 01:29:39,0xef036142f9e08fe2fb8ecc528088ec5b9617bc5a29f30da2b4d7648a09502feb,0x84ad9c5c547a82ec9a08547b94bd922446e5bfb7,0.21,0.499,0.28900000000000003,-100.1,293399.24041095277,2026-04-08
2026-04-08 01:29:39,0x47e5dd69de3b072e1635b6804e966cf125226b02035d30cce07e4bc5e08c4fc5,0x0b1e59d0bddcdad5911cfff7f7dde2ce4b3d9ce2,0.99,0.92,0.06999999999999995,0.9101010101010111,99612.6968599517,2026-04-08
2026-04-08 01:30:03,0x47e5dd69de3b072e1635b6804e966cf125226b02035d30cce07e4bc5e08c4fc5,0xec22d5d5693dec7f342a9cdf9ff3688b297cd456,0.99,0.79585,0.19415000000000004,0.9101010101010111,99614.5170619719,2026-04-08
2026-04-08 01:30:03,0x47e5dd69de3b072e1635b6804e966cf125226b02035d30cce07e4bc5e08c4fc5,0xec22d5d5693dec7f342a9cdf9ff3688b297cd456,0.99,0.82,0.17000000000000004,0.9101010101010111,99613.6069609618,2026-04-08
2026-04-08 01:30:55,0xc273e75b54c565675532c1c200ae8cc8dd362e336fea6c9bdf6342a8b9216c82,0xec22d5d5693dec7f342a9cdf9ff3688b297cd456,0.99,0.66,0.32999999999999996,0.9101010101010111,286207.7276069862,2026-04-08
2026-04-08 01:30:55,0xa84685084fdb4d0b7a9158e88a3179bd5d50800537b92edfc5c2f909e9c572b1,0x84ad9c5c547a82ec9a08547b94bd922446e5bfb7,0.6,0.91,-0.31000000000000005,66.56666666666668,282742.958910558,2026-04-08
2026-04-08 01:31:05,0xc273e75b54c565675532c1c200ae8cc8dd362e336fea6c9bdf6342a8b9216c82,0x53edea0b4fe8ffea4a5ce1316aad23eb87d27759,0.99,0.71,0.28,0.9101010101010111,286208.6377079963,2026-04-08
2026-04-08 01:31:05,0xc3fb8a6eab02dfcb8c3b37dd511bd8c462eabd928c44249ed2294ec36d7eb66b,0x84ad9c5c547a82ec9a08547b94bd922446e5bfb7,0.86,0.84,0.020000000000000018,16.179069767441863,286244.4308650086,2026-04-08
2026-04-08 01:31:11,0x5fe2009e3fb91d356f48d15a78e78b45bc0a14e04efb92de8213d246a04a74af,0x940e74c8bf9edd87a03c5e14590f77a0a33bda69,0.01,0.9499999619999864,-0.9399999619999864,9899.9,179389.39447704316,2026-04-08
2026-04-08 01:31:11,0x92b41c30885374cc142c521707dfb2a554f1d1d168ea2687bd722e53b687cf6b,0x880d2b8f3df6881150d1ef1a1f2ac0767e39adb6,0.998,0.998,0.0,0.10040080160320658,218316.24257700637,2026-04-08
2026-04-08 01:31:33,0xc864e3dc44c7eb77f1ff220f68565b533422b7f5c5eb0342af23a07d3c622d1c,0x84ad9c5c547a82ec9a08547b94bd922446e5bfb7,0.65,0.33,-0.32,-100.1,286272.27333746874,2026-04-08
2026-04-08 01:32:33,0xc765e03b57a749d9192a066b94a0676fa2a2149cec1a11f1df89fb8e89af7a01,0x84ad9c5c547a82ec9a08547b94bd922446e5bfb7,0.96,0.96,0.0,4.066666666666671,286297.0347409775,2026-04-08
2026-04-08 01:32:33,0x71154587dc07a865fe85e8e4df8795d67996df8bfa8a91227cb19dd7320807ea,0x2f26606ccc45a934838a97d44a30c32012ae0d8f,0.99,0.95,0.040000000000000036,0.9101010101010111,191229.24500411146,2026-04-08
2026-04-08 01:32:33,0x15ce239be446c04d46af2d76a34330926656a09cb938a586b14f8ddf0d37b2a8,0x84ad9c5c547a82ec9a08547b94bd922446e5bfb7,0.1099999985649271,0.91,-0.8000000014350729,808.9909209510158,13139.723973077771,2026-04-08
2026-04-08 01:32:49,0x15ce239be446c04d46af2d76a34330926656a09cb938a586b14f8ddf0d37b2a8,0x84ad9c5c547a82ec9a08547b94bd922446e5bfb7,0.1099999985649271,0.91,-0.8000000014350729,808.9909209510158,13948.714894028786,2026-04-08
2026-04-08 01:32:51,0xc273e75b54c565675532c1c200ae8cc8dd362e336fea6c9bdf6342a8b9216c82,0xec22d5d5693dec7f342a9cdf9ff3688b297cd456,0.99,0.57,0.42000000000000004,0.9101010101010111,286209.5478090064,2026-04-08
2026-04-08 01:32:53,0xc273e75b54c565675532c1c200ae8cc8dd362e336fea6c9bdf6342a8b9216c82,0xcfb103c37c0234f524c632d964ed31f117b5f694,0.99,0.5602269736842105,0.4297730263157895,0.9101010101010111,286210.4579100165,2026-04-08
2026-04-08 01:33:03,0xc273e75b54c565675532c1c200ae8cc8dd362e336fea6c9bdf6342a8b9216c82,0x20d178acdbf2c96f1a6634c7dc7c9918fdaf75db,0.99,0.64,0.35,0.9101010101010111,286211.36801102664,2026-04-08
2026-04-08 01:33:05,0xfbe599ddc649afb6bf513bd3ed08ed27bdd608793145d3c70b332f2f87986d35,0x84ad9c5c547a82ec9a08547b94bd922446e5bfb7,0.6899999917199968,0.34,-0.3499999917199968,-100.1,292341.07492295164,2026-04-08
2026-04-08 01:33:07,0xc273e75b54c565675532c1c200ae8cc8dd362e336fea6c9bdf6342a8b9216c82,0x0079c31913ed195a00d17c23562e78d46a3154d8,0.99,0.5899999397311565,0.4000000602688435,0.9101010101010111,286212.27811203676,2026-04-08
2026-04-08 01:33:09,0xc273e75b54c565675532c1c200ae8cc8dd362e336fea6c9bdf6342a8b9216c82,0xf59a7b728ef297cc4f4551c815ce0448dac8e6bb,0.99,0.7099999914799989,0.28000000852000106,0.9101010101010111,286213.1882130469,2026-04-08
2026-04-08 01:33:09,0xef036142f9e08fe2fb8ecc528088ec5b9617bc5a29f30da2b4d7648a09502feb,0x84ad9c5c547a82ec9a08547b94bd922446e5bfb7,0.959,0.73,0.22899999999999998,4.175286757038586,293403.41569770983,2026-04-08
2026-04-08 01:33:41,0x57f3054f827dc009fd7a615a798d8e6bf836de198ddc9ca168fcba29ae488448,0x880d2b8f3df6881150d1ef1a1f2ac0767e39adb6,0.998,0.998,0.0,0.10040080160320658,100132.90041584747,2026-04-08
2026-04-08 01:33:41,0xc273e75b54c565675532c1c200ae8cc8dd362e336fea6c9bdf6342a8b9216c82,0x9b2b56d401721c838fa06685f4f9f69181c4777c,0.99,0.7618994842995697,0.22810051570043033,0.9101010101010111,286214.098314057,2026-04-08
2026-04-08 01:33:41,0x40d928722ba7cad67b9c40be9a841e743bd4ed6af8c861cd939b3a4e5c7cb50e,0x4152978123c00e43039d6972909be9a54530f269,0.86,0.82,0.040000000000000036,16.179069767441863,99488.16260048201,2026-04-08
2026-04-08 01:33:41,0xe88c8dbf1e22ba8358c8ff8a2450f5fee0bbc4b01447cabb3fcef7d210b9065d,0x84ad9c5c547a82ec9a08547b94bd922446e5bfb7,0.52,0.52,0.0,92.2076923076923,293591.1034282222,2026-04-08
2026-04-08 01:33:43,0x448d00e0e2e52aba3e366f5fdaf01b2fe725850d9dc37dccd8e19f0d7ddd5e5b,0x84ad9c5c547a82ec9a08547b94bd922446e5bfb7,0.5999999967204154,0.42,-0.1799999967204154,-100.1,99451.89702671152,2026-04-08
2026-04-08 01:33:57,0xc273e75b54c565675532c1c200ae8cc8dd362e336fea6c9bdf6342a8b9216c82,0xe88e5431c492c25d26407dad46eeb45ee8ad586f,0.99,0.9099999757332208,0.08000002426677921,0.9101010101010111,286216.82861708733,2026-04-08
2026-04-08 01:33:57,0xc273e75b54c565675532c1c200ae8cc8dd362e336fea6c9bdf6342a8b9216c82,0x0079c31913ed195a00d17c23562e78d46a3154d8,0.99,0.91,0.07999999999999996,0.9101010101010111,286215.0084150671,2026-04-08
2026-04-08 01:33:57,0xc273e75b54c565675532c1c200ae8cc8dd362e336fea6c9bdf6342a8b9216c82,0x552e1b8c0764335522fa135152ffc3f4ae17b01d,0.99,0.9,0.08999999999999997,0.9101010101010111,286215.9185160772,2026-04-08
2026-04-08 01:33:59,0xc273e75b54c565675532c1c200ae8cc8dd362e336fea6c9bdf6342a8b9216c82,0x295bd19a815180f42a04964929b9a77c328adc60,0.99,0.8795870588235294,0.1104129411764706,0.9101010101010111,286219.5589201177,2026-04-08
2026-04-08 01:33:59,0xc273e75b54c565675532c1c200ae8cc8dd362e336fea6c9bdf6342a8b9216c82,0x0079c31913ed195a00d17c23562e78d46a3154d8,0.99,0.8799999952173894,0.11000000478261063,0.9101010101010111,286218.64881910756,2026-04-08
2026-04-08 01:33:59,0xc273e75b54c565675532c1c200ae8cc8dd362e336fea6c9bdf6342a8b9216c82,0x0079c31913ed195a00d17c23562e78d46a3154d8,0.99,0.8699999940247245,0.12000000597527549,0.9101010101010111,286217.73871809745,2026-04-08
2026-04-08 01:34:17,0x9aebc2f02e5d83188a26b5baf3681d57f4655ef89cfc954e3450d13c922820bc,0x2f26606ccc45a934838a97d44a30c32012ae0d8f,0.86,0.86,0.0,16.179069767441863,218672.3272834164,2026-04-08
2026-04-08 01:34:17,0x8057ea6ce7d487dd061c44687174b988d92219173c1d68f07e2e8adf18359d63,0xaad99df3071217c9454ff268afdfedd53a9acaef,0.47,0.4,-0.06999999999999995,-100.1,192464.0648928593,2026-04-08
2026-04-08 01:34:17,0xc273e75b54c565675532c1c200ae8cc8dd362e336fea6c9bdf6342a8b9216c82,0xd8bc5b1262c7d87b5fb476625749d761c1667294,0.99,0.88,0.10999999999999999,0.9101010101010111,286220.4690211278,2026-04-08
2026-04-08 01:34:31,0xc273e75b54c565675532c1c200ae8cc8dd362e336fea6c9bdf6342a8b9216c82,0xe88e5431c492c25d26407dad46eeb45ee8ad586f,0.99,0.9099999757332208,0.08000002426677921,0.9101010101010111,286221.3791221379,2026-04-08
2026-04-08 01:34:31,0x6f22582dd514239952213ec17839b1bbc7276b0e61e9ebe14f2db7afbf2498ab,0x2f26606ccc45a934838a97d44a30c32012ae0d8f,0.24,0.24,0.0,-100.1,181328.43490310136,2026-04-08
2026-04-08 01:34:31,0xc273e75b54c565675532c1c200ae8cc8dd362e336fea6c9bdf6342a8b9216c82,0xe88e5431c492c25d26407dad46eeb45ee8ad586f,0.99,0.9099999757332208,0.08000002426677921,0.9101010101010111,286222.289223148,2026-04-08
2026-04-08 01:34:31,0xc273e75b54c565675532c1c200ae8cc8dd362e336fea6c9bdf6342a8b9216c82,0xe88e5431c492c25d26407dad46eeb45ee8ad586f,0.99,0.9099999757332208,0.08000002426677921,0.9101010101010111,286223.19932415814,2026-04-08
2026-04-08 01:34:57,0xc3fb8a6eab02dfcb8c3b37dd511bd8c462eabd928c44249ed2294ec36d7eb66b,0x84ad9c5c547a82ec9a08547b94bd922446e5bfb7,0.86,0.85,0.010000000000000009,16.179069767441863,286260.60993477603,2026-04-08
2026-04-08 01:35:17,0xe2862383b4c27e4fec5bdc8a0c545254847e370150f06e080cc3dd85e73e01cb,0x84ad9c5c547a82ec9a08547b94bd922446e5bfb7,0.09,0.89,-0.8,1011.0111111111111,293586.1064486637,2026-04-08
2026-04-08 01:36:01,0xef036142f9e08fe2fb8ecc528088ec5b9617bc5a29f30da2b4d7648a09502feb,0x84ad9c5c547a82ec9a08547b94bd922446e5bfb7,0.959,0.959,0.0,4.175286757038586,293407.5909844669,2026-04-08
2026-04-08 01:36:01,0xc3fb8a6eab02dfcb8c3b37dd511bd8c462eabd928c44249ed2294ec36d7eb66b,0x84ad9c5c547a82ec9a08547b94bd922446e5bfb7,0.86,0.86,0.0,16.179069767441863,286276.78900454345,2026-04-08
2026-04-08 01:36:01,0x98718070c6194587312e0c8a07ab350dfbd48b770f7302690efc40a3a1a78111,0x84ad9c5c547a82ec9a08547b94bd922446e5bfb7,0.89,0.89,0.0,12.25955056179775,218331.44821364895,2026-04-08
2026-04-08 01:36:27,0x5c25dca7a34b1f64f01fdb04bf47d971af40ea33452a0b678928fce8c14b60ac,0xb33fa0fc31f3969bdd7d169e2e64310fe1279277,0.5899999006929877,0.56,0.029999900692987636,69.39155395203363,100306.89780946582,2026-04-08
2026-04-08 01:36:27,0x5a8c3b5034ff33e2bd34de8362ed23a5130734b55f5b1212cd45505818777129,0x5a65d33304b676b3e98b7a47a6a2dec7162b5a42,0.34,0.34,0.0,-100.1,100032.80041584747,2026-04-08
2026-04-08 01:36:27,0x5c25dca7a34b1f64f01fdb04bf47d971af40ea33452a0b678928fce8c14b60ac,0xaeaf20d612b72e06750577bd69fbf08983349ce1,0.5899999006929877,0.5399998609899972,0.050000039702990495,69.39155395203363,100237.50625551378,2026-04-08
2026-04-08 01:36:29,0xc3fb8a6eab02dfcb8c3b37dd511bd8c462eabd928c44249ed2294ec36d7eb66b,0x84ad9c5c547a82ec9a08547b94bd922446e5bfb7,0.86,0.86,0.0,16.179069767441863,286292.96807431086,2026-04-08
2026-04-08 01:36:31,0xc7e196b5d02b43a6d725e151950bf6adb020ed148749c0c6f25334874664b2f1,0xec22d5d5693dec7f342a9cdf9ff3688b297cd456,0.57,0.57,0.0,75.33859649122809,286372.3733374687,2026-04-08
2026-04-08 01:36:31,0x5c25dca7a34b1f64f01fdb04bf47d971af40ea33452a0b678928fce8c14b60ac,0xaeaf20d612b72e06750577bd69fbf08983349ce1,0.5899999006929877,0.5899999006929877,0.0,69.39155395203363,100376.28936341786,2026-04-08
2026-04-08 02:44:07,0x2ad241937fd485ddc62e090d9200230a8d3b8fe0b7c5e658a58e0cd5ca4542b0,0xec22d5d5693dec7f342a9cdf9ff3688b297cd456,0.01,0.65,-0.64,9899.9,33883.98450855939,2026-04-08
2026-04-08 02:44:07,0x7fbf360ba92f78925680384361a63bfa749b57332cc839eaf198f8bd21c823f6,0xb33fa0fc31f3969bdd7d169e2e64310fe1279277,0.999,0.91,0.08899999999999997,0.00010010010010018389,192564.1648928593,2026-04-08
2026-04-08 02:44:09,0x2ad241937fd485ddc62e090d9200230a8d3b8fe0b7c5e658a58e0cd5ca4542b0,0x7759a1169147de623c695e943c77a9b7e9d64f64,0.01,0.7418823234544083,-0.7318823234544083,9899.9,43783.88450855939,2026-04-08
2026-04-08 02:44:09,0x2ad241937fd485ddc62e090d9200230a8d3b8fe0b7c5e658a58e0cd5ca4542b0,0x9eefae30af6f5b14d8b78cadf0b00a79826666da,0.01,0.74,-0.73,9899.9,53683.784508559394,2026-04-08
2026-04-08 02:44:09,0x2ad241937fd485ddc62e090d9200230a8d3b8fe0b7c5e658a58e0cd5ca4542b0,0xec22d5d5693dec7f342a9cdf9ff3688b297cd456,0.01,0.73,-0.72,9899.9,63583.684508559396,2026-04-08
2026-04-08 02:44:13,0x2ad241937fd485ddc62e090d9200230a8d3b8fe0b7c5e658a58e0cd5ca4542b0,0x9b2b56d401721c838fa06685f4f9f69181c4777c,0.01,0.7824292135291248,-0.7724292135291247,9899.9,73483.58450855939,2026-04-08
2026-04-08 02:44:51,0x3cfe23de10d1a78c3a53ee037155681a011cfb9389c15d424bff101b77414fda,0x0abf961e454614ee5ef86d935df29ffa4eb9a278,0.98,0.865809101887047,0.11419089811295302,1.940816326530614,98402.65097476379,2026-04-08
2026-04-08 02:44:51,0x2ad241937fd485ddc62e090d9200230a8d3b8fe0b7c5e658a58e0cd5ca4542b0,0x0abf961e454614ee5ef86d935df29ffa4eb9a278,0.01,0.9044747441883064,-0.8944747441883064,9899.9,83383.48450855938,2026-04-08
2026-04-08 02:44:51,0x3c52aaa30a377bf8e1be8db0b89d570530a8cb897aa7f8527b65c13ec5b6d725,0x0abf961e454614ee5ef86d935df29ffa4eb9a278,0.01,0.9508716317509752,-0.9408716317509752,9899.9,98400.71015843726,2026-04-08
2026-04-08 02:45:03,0x98718070c6194587312e0c8a07ab350dfbd48b770f7302690efc40a3a1a78111,0xb2e3f666270fafd96b959ffda92ac67d1b454874,0.48,0.72,-0.24,108.23333333333335,218439.6815469823,2026-04-08
2026-04-08 02:45:19,0x98718070c6194587312e0c8a07ab350dfbd48b770f7302690efc40a3a1a78111,0xb2e3f666270fafd96b959ffda92ac67d1b454874,0.48,0.73,-0.25,108.23333333333335,218547.91488031563,2026-04-08
2026-04-08 02:45:21,0xef779ac93894c583e519df9893f8834d53c7a2564f20a64a4559d02e71233931,0x9ed3d670b4e389770d6cf03dd33a97e4577ceaec,0.99,0.69,0.30000000000000004,0.9101010101010111,293408.501085477,2026-04-08
2026-04-08 02:45:21,0xef779ac93894c583e519df9893f8834d53c7a2564f20a64a4559d02e71233931,0xf59a7b728ef297cc4f4551c815ce0448dac8e6bb,0.99,0.67,0.31999999999999995,0.9101010101010111,293409.4111864871,2026-04-08
2026-04-08 02:45:31,0x448d00e0e2e52aba3e366f5fdaf01b2fe725850d9dc37dccd8e19f0d7ddd5e5b,0xb2e3f666270fafd96b959ffda92ac67d1b454874,0.65,0.73,-0.07999999999999996,53.74615384615384,99505.64318055767,2026-04-08
2026-04-08 02:45:35,0xef779ac93894c583e519df9893f8834d53c7a2564f20a64a4559d02e71233931,0x9ed3d670b4e389770d6cf03dd33a97e4577ceaec,0.99,0.62,0.37,0.9101010101010111,293410.32128749724,2026-04-08
2026-04-08 02:45:51,0x92b41c30885374cc142c521707dfb2a554f1d1d168ea2687bd722e53b687cf6b,0x880d2b8f3df6881150d1ef1a1f2ac0767e39adb6,0.998,0.998,0.0,0.10040080160320658,218316.34297780797,2026-04-08
2026-04-08 02:46:05,0xef779ac93894c583e519df9893f8834d53c7a2564f20a64a4559d02e71233931,0x53edea0b4fe8ffea4a5ce1316aad23eb87d27759,0.99,0.59,0.4,0.9101010101010111,293412.14148951747,2026-04-08
2026-04-08 02:46:05,0xef779ac93894c583e519df9893f8834d53c7a2564f20a64a4559d02e71233931,0x295bd19a815180f42a04964929b9a77c328adc60,0.99,0.59,0.4,0.9101010101010111,293411.23138850735,2026-04-08
2026-04-08 02:46:07,0xef779ac93894c583e519df9893f8834d53c7a2564f20a64a4559d02e71233931,0x9ed3d670b4e389770d6cf03dd33a97e4577ceaec,0.99,0.55,0.43999999999999995,0.9101010101010111,293413.0515905276,2026-04-08
2026-04-08 02:46:07,0xef779ac93894c583e519df9893f8834d53c7a2564f20a64a4559d02e71233931,0x9ed3d670b4e389770d6cf03dd33a97e4577ceaec,0.99,0.45,-0.54,-100.1,293312.9515905276,2026-04-08
2026-04-08 02:46:17,0xef779ac93894c583e519df9893f8834d53c7a2564f20a64a4559d02e71233931,0x9ed3d670b4e389770d6cf03dd33a97e4577ceaec,0.99,0.63248,0.35751999999999995,0.9101010101010111,293313.8616915377,2026-04-08
2026-04-08 02:47:13,0xef779ac93894c583e519df9893f8834d53c7a2564f20a64a4559d02e71233931,0x9ed3d670b4e389770d6cf03dd33a97e4577ceaec,0.99,0.74,0.25,0.9101010101010111,293215.581893558,2026-04-08
2026-04-08 02:47:13,0xef779ac93894c583e519df9893f8834d53c7a2564f20a64a4559d02e71233931,0x20d178acdbf2c96f1a6634c7dc7c9918fdaf75db,0.99,0.739999994157894,0.250000005842106,0.9101010101010111,293214.67179254786,2026-04-08
2026-04-08 02:47:13,0xef779ac93894c583e519df9893f8834d53c7a2564f20a64a4559d02e71233931,0x20d178acdbf2c96f1a6634c7dc7c9918fdaf75db,0.99,0.2699999744464264,-0.7200000255535736,-100.1,293213.76169153774,2026-04-08
2026-04-08 02:47:13,0xef779ac93894c583e519df9893f8834d53c7a2564f20a64a4559d02e71233931,0xf59a7b728ef297cc4f4551c815ce0448dac8e6bb,0.99,0.7399999970399999,0.25000000296000013,0.9101010101010111,293216.4919945681,2026-04-08
2026-04-08 02:47:13,0x5dcd6c356cdce29570ef70de696f88fc53fbf0037aa7f6688f3b04f2a36d8704,0xa409f6dc4e521ae314043f9391b9fdef4144bd57,0.4890252707581227,0.5,-0.010974729241877312,104.38840986269012,100490.49447704322,2026-04-08
2026-04-08 02:47:15,0x91473290c0b26d807e00fa3e026d881f9f8aa7013d5c59e7ef132c02be3a7b10,0x116db6298abcdefe06f9f5458c293c7de185fbf1,0.92,0.9198763250883392,0.00012367491166087596,8.595652173913038,218298.95087185694,2026-04-08
2026-04-08 02:47:17,0xef779ac93894c583e519df9893f8834d53c7a2564f20a64a4559d02e71233931,0xe88e5431c492c25d26407dad46eeb45ee8ad586f,0.99,0.7199999807999877,0.27000001920001226,0.9101010101010111,293217.4020955782,2026-04-08
2026-04-08 02:47:17,0xdd935799900bfb82e7c776a75a068468b5f090c8b757a06ebe36a3e145a831c6,0xa409f6dc4e521ae314043f9391b9fdef4144bd57,0.5,0.5,0.0,99.9,292575.0953375526,2026-04-08
2026-04-08 02:47:19,0xef779ac93894c583e519df9893f8834d53c7a2564f20a64a4559d02e71233931,0x9ed3d670b4e389770d6cf03dd33a97e4577ceaec,0.99,0.66,0.32999999999999996,0.9101010101010111,293218.3121965883,2026-04-08
2026-04-08 02:47:21,0xef779ac93894c583e519df9893f8834d53c7a2564f20a64a4559d02e71233931,0x53edea0b4fe8ffea4a5ce1316aad23eb87d27759,0.99,0.66,0.32999999999999996,0.9101010101010111,293219.22229759843,2026-04-08
2026-04-08 02:47:21,0x448d00e0e2e52aba3e366f5fdaf01b2fe725850d9dc37dccd8e19f0d7ddd5e5b,0x84ad9c5c547a82ec9a08547b94bd922446e5bfb7,0.65,0.42,-0.23000000000000004,-100.1,99405.54318055767,2026-04-08
2026-04-08 02:47:23,0xef779ac93894c583e519df9893f8834d53c7a2564f20a64a4559d02e71233931,0xcfb103c37c0234f524c632d964ed31f117b5f694,0.99,0.7,0.29000000000000004,0.9101010101010111,293220.13239860855,2026-04-08
2026-04-08 02:47:23,0xef779ac93894c583e519df9893f8834d53c7a2564f20a64a4559d02e71233931,0xec22d5d5693dec7f342a9cdf9ff3688b297cd456,0.99,0.75,0.24,0.9101010101010111,293221.04249961866,2026-04-08
2026-04-08 02:47:25,0xef779ac93894c583e519df9893f8834d53c7a2564f20a64a4559d02e71233931,0x0079c31913ed195a00d17c23562e78d46a3154d8,0.99,0.6099999698176941,0.3800000301823059,0.9101010101010111,293221.9526006288,2026-04-08
2026-04-08 02:47:27,0x3ab0df4fd8fa6c244589faaf69c3cb6fb8217799a131a26b356ebaaba4b14c21,0xeb4a41390d6b0efab728a4d799f78e5fc4b19386,0.9099999993933332,0.92,-0.010000000606666837,9.79010996336998,88500.81005833716,2026-04-08
2026-04-08 02:47:27,0xef779ac93894c583e519df9893f8834d53c7a2564f20a64a4559d02e71233931,0xcfb103c37c0234f524c632d964ed31f117b5f694,0.99,0.41,-0.5800000000000001,-100.1,293121.8526006288,2026-04-08
2026-04-08 02:47:37,0xef779ac93894c583e519df9893f8834d53c7a2564f20a64a4559d02e71233931,0xe7a98c5720570c56e259d4915cdbc650b0afede3,0.99,0.62,0.37,0.9101010101010111,293122.7627016389,2026-04-08
2026-04-08 02:47:39,0xe3ab024394d20f14878bdbd67730c3348b36f662785a28b17df13f053f52c33e,0xa409f6dc4e521ae314043f9391b9fdef4144bd57,0.48,0.48,0.0,-100.1,293489.1056230703,2026-04-08
2026-04-08 02:47:39,0x91473290c0b26d807e00fa3e026d881f9f8aa7013d5c59e7ef132c02be3a7b10,0x116db6298abcdefe06f9f5458c293c7de185fbf1,0.92,0.9302372479240808,-0.010237247924080761,8.595652173913038,218307.54652403085,2026-04-08
2026-04-08 02:47:39,0x448d00e0e2e52aba3e366f5fdaf01b2fe725850d9dc37dccd8e19f0d7ddd5e5b,0x84ad9c5c547a82ec9a08547b94bd922446e5bfb7,0.65,0.52,0.13,53.74615384615384,99459.28933440382,2026-04-08
2026-04-08 02:47:51,0xef779ac93894c583e519df9893f8834d53c7a2564f20a64a4559d02e71233931,0x9ed3d670b4e389770d6cf03dd33a97e4577ceaec,0.99,0.63,0.36,0.9101010101010111,293123.67280264903,2026-04-08
2026-04-08 02:47:51,0x4c1c6e92b39574b78e66785f5be5675f11b9e51cb7c8cc3f7c7c8649bc244059,0xa6fbd527070abf16092d05512e4c603516de58e2,0.996,0.996,0.0,0.3016064257028116,100047.75200173093,2026-04-08
2026-04-08 02:47:51,0xb778f054652ea2ab79f974683ad98e4f02de659c2690380e6dc4415e0625186a,0xa6fbd527070abf16092d05512e4c603516de58e2,0.999,0.999,0.0,0.00010010010010018389,286070.62105098704,2026-04-08
2026-04-08 02:47:51,0x91473290c0b26d807e00fa3e026d881f9f8aa7013d5c59e7ef132c02be3a7b10,0x116db6298abcdefe06f9f5458c293c7de185fbf1,0.92,0.92,0.0,8.595652173913038,218316.14217620477,2026-04-08
2026-04-08 02:47:51,0x3aefc613c9442fb069959f3a221bf16e796119327c56f34425e18bd6fca70c90,0xa6fbd527070abf16092d05512e4c603516de58e2,0.999,0.999,0.0,0.00010010010010018389,88500.81015843726,2026-04-08
2026-04-08 02:47:51,0x5052743e62781c3ba5bd97917670a8cb8a17561d254245b80ab5cb8db0b72b78,0xa6fbd527070abf16092d05512e4c603516de58e2,0.996,0.996,0.0,0.3016064257028116,100103.13816100218,2026-04-08
2026-04-08 02:47:53,0xf437f7a042f753b9bedd2313a243ad933708c1795b0ef43249121c71f6b6fc11,0xa6fbd527070abf16092d05512e4c603516de58e2,0.999,0.999,0.0,0.00010010010010018389,292441.1749229516,2026-04-08
2026-04-08 02:48:19,0xef779ac93894c583e519df9893f8834d53c7a2564f20a64a4559d02e71233931,0x9ed3d670b4e389770d6cf03dd33a97e4577ceaec,0.99,0.66,0.32999999999999996,0.9101010101010111,293124.58290365915,2026-04-08
2026-04-08 02:48:19,0xef779ac93894c583e519df9893f8834d53c7a2564f20a64a4559d02e71233931,0xdc7fbf48644b758b6b8ce20420ab6a3162f16767,0.99,0.66,0.32999999999999996,0.9101010101010111,293125.49300466926,2026-04-08
2026-04-08 02:48:21,0xef779ac93894c583e519df9893f8834d53c7a2564f20a64a4559d02e71233931,0x20d178acdbf2c96f1a6634c7dc7c9918fdaf75db,0.99,0.6599999308571172,0.3300000691428828,0.9101010101010111,293126.4031056794,2026-04-08
2026-04-08 02:48:31,0xef779ac93894c583e519df9893f8834d53c7a2564f20a64a4559d02e71233931,0x9ed3d670b4e389770d6cf03dd33a97e4577ceaec,0.99,0.68,0.30999999999999994,0.9101010101010111,293127.3132066895,2026-04-08
2026-04-08 02:48:33,0xef779ac93894c583e519df9893f8834d53c7a2564f20a64a4559d02e71233931,0x9ed3d670b4e389770d6cf03dd33a97e4577ceaec,0.99,0.45,-0.54,-100.1,293027.2132066895,2026-04-08
2026-04-08 02:48:33,0xef779ac93894c583e519df9893f8834d53c7a2564f20a64a4559d02e71233931,0xdc7fbf48644b758b6b8ce20420ab6a3162f16767,0.99,0.5399999515861945,0.4500000484138055,0.9101010101010111,293028.1233076996,2026-04-08
2026-04-08 02:48:33,0xef779ac93894c583e519df9893f8834d53c7a2564f20a64a4559d02e71233931,0xec22d5d5693dec7f342a9cdf9ff3688b297cd456,0.99,0.43,-0.56,-100.1,292928.02330769965,2026-04-08
2026-04-08 02:49:01,0x6a63fe1f11cf93041d364969ea367ade8c22450430045994269bfd28cffb492f,0xf616121e0a9a5222a0735319e9cf3a77eadc35c6,0.0388988898889889,0.99,-0.9511011101110111,2470.6674508291553,181428.53490310136,2026-04-08
2026-04-08 02:49:03,0xef779ac93894c583e519df9893f8834d53c7a2564f20a64a4559d02e71233931,0x7759a1169147de623c695e943c77a9b7e9d64f64,0.99,0.6481017087797977,0.3418982912202023,0.9101010101010111,292928.93340870977,2026-04-08
2026-04-08 02:49:03,0xef779ac93894c583e519df9893f8834d53c7a2564f20a64a4559d02e71233931,0x9ed3d670b4e389770d6cf03dd33a97e4577ceaec,0.99,0.65,0.33999999999999997,0.9101010101010111,292929.8435097199,2026-04-08
2026-04-08 02:49:03,0x571a1e1462b4d656a61eeea8a1e716b967c66db87cb39e8a10095f8a661f920f,0xf616121e0a9a5222a0735319e9cf3a77eadc35c6,0.99,0.99,0.0,0.9101010101010111,100110.41896908298,2026-04-08
2026-04-08 02:49:09,0x98718070c6194587312e0c8a07ab350dfbd48b770f7302690efc40a3a1a78111,0x84ad9c5c547a82ec9a08547b94bd922446e5bfb7,0.48,0.534923076923077,-0.05492307692307696,108.23333333333335,218656.14821364896,2026-04-08
2026-04-08 02:49:09,0xef779ac93894c583e519df9893f8834d53c7a2564f20a64a4559d02e71233931,0x9ed3d670b4e389770d6cf03dd33a97e4577ceaec,0.99,0.79,0.19999999999999996,0.9101010101010111,292930.75361073,2026-04-08
2026-04-08 02:49:09,0xef779ac93894c583e519df9893f8834d53c7a2564f20a64a4559d02e71233931,0x9ed3d670b4e389770d6cf03dd33a97e4577ceaec,0.99,0.23,-0.76,-100.1,292830.65361073,2026-04-08
2026-04-08 02:49:11,0xef779ac93894c583e519df9893f8834d53c7a2564f20a64a4559d02e71233931,0x9eefae30af6f5b14d8b78cadf0b00a79826666da,0.99,0.7899999842420175,0.20000001575798254,0.9101010101010111,292731.46371174016,2026-04-08
2026-04-08 02:49:11,0xef779ac93894c583e519df9893f8834d53c7a2564f20a64a4559d02e71233931,0x9ed3d670b4e389770d6cf03dd33a97e4577ceaec,0.99,0.3,-0.69,-100.1,292730.55361073004,2026-04-08
2026-04-08 02:49:59,0xef779ac93894c583e519df9893f8834d53c7a2564f20a64a4559d02e71233931,0x0079c31913ed195a00d17c23562e78d46a3154d8,0.99,0.1970461698917922,-0.7929538301082077,-100.1,292631.3637117402,2026-04-08
2026-04-08 02:49:59,0xef779ac93894c583e519df9893f8834d53c7a2564f20a64a4559d02e71233931,0x5acd5e3552a284932ac6655f8b76379b1497058b,0.99,0.87,0.12,0.9101010101010111,292632.2738127503,2026-04-08
2026-04-08 02:50:01,0xef779ac93894c583e519df9893f8834d53c7a2564f20a64a4559d02e71233931,0xec22d5d5693dec7f342a9cdf9ff3688b297cd456,0.99,0.13,-0.86,-100.1,292438.44451982115,2026-04-08
2026-04-08 02:50:01,0xef779ac93894c583e519df9893f8834d53c7a2564f20a64a4559d02e71233931,0x75110b2afa07a881292528a355715a0febe1582e,0.99,0.93,0.05999999999999994,0.9101010101010111,292538.5445198211,2026-04-08
2026-04-08 02:50:01,0xef779ac93894c583e519df9893f8834d53c7a2564f20a64a4559d02e71233931,0x75110b2afa07a881292528a355715a0febe1582e,0.99,0.8699999985607935,0.12000000143920653,0.9101010101010111,292537.634418811,2026-04-08
2026-04-08 02:50:01,0xef779ac93894c583e519df9893f8834d53c7a2564f20a64a4559d02e71233931,0x75110b2afa07a881292528a355715a0febe1582e,0.99,0.869999971630374,0.12000002836962598,0.9101010101010111,292536.7243178009,2026-04-08
2026-04-08 02:50:01,0xef779ac93894c583e519df9893f8834d53c7a2564f20a64a4559d02e71233931,0x75110b2afa07a881292528a355715a0febe1582e,0.99,0.89,0.09999999999999998,0.9101010101010111,292534.90411578066,2026-04-08
2026-04-08 02:50:01,0xef779ac93894c583e519df9893f8834d53c7a2564f20a64a4559d02e71233931,0x5acd5e3552a284932ac6655f8b76379b1497058b,0.99,0.919999996319999,0.07000000368000103,0.9101010101010111,292533.99401477055,2026-04-08
2026-04-08 02:50:01,0xef779ac93894c583e519df9893f8834d53c7a2564f20a64a4559d02e71233931,0x0079c31913ed195a00d17c23562e78d46a3154d8,0.99,0.1431234189854879,-0.8468765810145121,-100.1,292532.1738127503,2026-04-08
2026-04-08 02:50:01,0xef779ac93894c583e519df9893f8834d53c7a2564f20a64a4559d02e71233931,0x75110b2afa07a881292528a355715a0febe1582e,0.99,0.89,0.09999999999999998,0.9101010101010111,292535.8142167908,2026-04-08
2026-04-08 02:50:01,0xef779ac93894c583e519df9893f8834d53c7a2564f20a64a4559d02e71233931,0x0abf961e454614ee5ef86d935df29ffa4eb9a278,0.99,0.9138224179907752,0.07617758200922475,0.9101010101010111,292533.08391376043,2026-04-08
2026-04-08 02:50:03,0xef779ac93894c583e519df9893f8834d53c7a2564f20a64a4559d02e71233931,0x75110b2afa07a881292528a355715a0febe1582e,0.99,0.74,0.25,0.9101010101010111,292439.35462083126,2026-04-08
2026-04-08 02:50:03,0xef779ac93894c583e519df9893f8834d53c7a2564f20a64a4559d02e71233931,0x75110b2afa07a881292528a355715a0febe1582e,0.99,0.76,0.22999999999999998,0.9101010101010111,292440.2647218414,2026-04-08
2026-04-08 02:50:03,0xef779ac93894c583e519df9893f8834d53c7a2564f20a64a4559d02e71233931,0x9ed3d670b4e389770d6cf03dd33a97e4577ceaec,0.99,0.93,0.05999999999999994,0.9101010101010111,292441.1748228515,2026-04-08
