bootstrap_sample,total_net_profit_model_minus_random,mean_equal_capital_roi_model_minus_random,total_equal_capital_net_profit_model_minus_random
0,112243.06629934677,0.4244003479469569,-5545.348068925814
1,188396.6339789172,0.8053741433137196,8329.787980728877
2,139328.45818232273,1.895232496110677,20089.14261493258
3,228856.9084472881,1.2066871939536616,23281.066999732328
4,73506.70838010186,3.6438787735089804,778.3517127239484
5,32053.913390713686,1.6551379950273102,1619.37278890967
6,504995.0939020767,2.7813048352973686,48482.41759791398
7,-37810.80427598674,0.9312878503421116,-4501.618261394056
8,519148.178656921,1.5629347241853901,38866.52311413264
9,669871.2454780708,2.595812143971534,70754.81646178142
10,403902.44009649905,-0.04332478473061485,31931.36589646538
11,57380.25739330496,0.43830196169961155,1400.1423458349145
12,223521.37067419518,-0.9177835187245682,9654.52310748952
13,-56640.17091520957,0.8495993856073083,2024.1025366526428
14,509249.576319073,3.8813179674388683,52613.08996613206
15,410668.0475419114,2.5442241387202484,43701.15121489306
16,226700.51059131775,-0.9634535342627846,16346.236998839358
17,-26073.918982569186,0.46588921166992225,-11957.761926345589
18,211039.59716774116,0.2242984968271946,14704.366850284463
19,207742.90762409987,1.4808290198787715,10047.42701364847
20,303267.53542118485,2.5687072497011627,23087.80097880785
21,121627.67002370034,0.8145064433155964,-9441.717832537262
22,30033.832711276977,3.7345160057208995,1157.7966986472238
23,134298.7638715832,-1.0032642459773875,12382.688922865196
24,73194.43493505873,1.413847759257627,-5564.303358077443
25,46867.444870738895,5.077864623323965,8183.239592399686
26,224991.28194689215,0.11267653406499711,32557.828098115206
27,214573.5676310703,1.8393122598682954,27260.24256346342
28,-59683.17257254728,0.7626389284710697,3897.718804537395
29,394564.89121317223,1.4150447705912015,41460.57145250734
30,400994.17534625356,1.4489178710223687,48647.79286298991
31,76192.83491158637,4.109785894827272,3699.381980895385
32,463694.89606463286,2.6835024699329733,39831.58089355424
33,315718.59656991414,4.6760581862957515,36381.63213639905
34,325247.1942015862,1.8445130959008216,19609.722545359724
35,299324.8874545996,3.249526535725803,29149.854927961267
36,602196.7660524425,1.9033432759084814,60773.581530450014
37,354129.2537093238,4.345678773878872,31065.746090361954
38,524491.0989165371,4.854293519275224,50715.00877064992
39,148217.1111494071,2.436723176032836,-1691.2199506874567
40,336844.4442171459,0.932743446251159,37806.97590660244
41,67475.26398772706,3.8931063091426124,8771.840352302632
42,352513.20039990207,1.7610469132886855,21105.646919955296
43,196736.28251823277,2.8958529268900097,21843.734512891053
44,218089.37215791733,1.043417228221668,22872.396632614298
45,398162.45686743397,0.5381676052258939,42299.72286077673
46,50315.764483214065,2.619564233439032,-1303.1591928550679
47,283237.7387057183,-0.39584987731496835,12638.161473229375
48,276301.01948067656,2.1925261558699507,22401.735996155057
49,392042.12297815154,2.3513098793267355,38493.67237694644
50,324569.8132693129,2.067408120636066,45225.94343641485
51,812573.1333221344,0.8544223126543358,76284.93759530818
52,338688.8860181982,4.806675563816466,30240.26854220081
53,9984.694449137634,1.437974211687254,6073.616217635998
54,53115.02184129064,-2.648914595096123,7461.003285509203
55,650185.0326297643,2.3457300528381975,63157.82478601068
56,143773.34134542494,-0.3946287320070212,18208.991663308596
57,276923.138519075,4.000009137743428,26776.955400098996
58,322872.70647734066,3.8948944116136994,26436.719297484105
59,601549.3381400141,1.9849376576496338,60577.030620454134
60,112178.11285656074,1.4303450590096594,9796.892362587518
61,238879.83443307015,0.15262320741902347,9933.502244794341
62,-150495.86786323262,-1.3915445759441427,-2221.770532173028
63,153942.0415640552,3.373568776320443,6799.0206195564115
64,426518.0077147294,0.04706121791240303,27332.322379821544
65,294677.0925313218,1.8270992086617963,26248.377251799877
66,16969.480265701306,3.076275116561166,4486.427238333934
67,157013.13428870117,-0.3088179167531431,6312.207195013605
68,356278.4529298748,-0.5197153293013539,29034.187109929524
69,682839.1954063105,2.6583875641026733,61959.56126077153
70,-168298.357849104,-3.0310255607181045,-11103.320052748259
71,159189.38946215337,-0.253750172272011,6319.1332601184695
72,325290.96780586336,1.6544576888129878,39918.36136938349
73,332812.2827737287,2.244200729389975,17581.216452224504
74,162455.47235612944,0.7711134570327225,6511.652818219292
75,365477.07817922265,1.0202905349208908,41319.81315054242
76,426070.82163001836,2.2309478731325507,45745.032387621744
77,488990.2049725363,1.1740131193969914,29560.61466293194
78,155510.22663884255,-0.8600273706792079,10752.847998357065
79,182885.0749723091,2.862929327828612,26268.797603377156
80,284382.4292385628,1.8898890002836541,19889.376095101652
81,350469.43243268586,3.0713862424891856,20134.0018040333
82,200743.36815679504,2.656146580555493,-7998.114956554848
83,311130.09588844463,3.8131274355034126,30354.58469242057
84,234376.13301196398,1.6934561813753275,20212.917489905223
85,699803.0248869066,4.057396113113836,73567.35674666782
86,590775.4616475122,2.0151593650323134,60339.37555899497
87,-84261.17668152414,1.4580537860075609,1517.8932115702555
88,490838.90118726395,3.341881580148663,50294.84645155817
89,7582.533160379215,0.27223749398284536,16763.339545774023
90,168289.12981784088,0.5119589391697943,19968.29178097359
91,100834.58645813103,1.1853862660547696,23227.654299010777
92,175250.23866668693,0.0648564079707965,23209.7117595045
93,-11685.069998015591,1.7915053149460078,-822.5669274310749
94,305982.6950482534,3.3910323335829875,25292.57208589777
95,-157712.2397959265,2.0243933540008,-101.19613208865849
96,387576.9499058266,1.5211016430766433,48883.54407169993
97,-43826.58912505378,-0.5505795759264958,4006.793012353697
98,-41929.986659253686,0.33205006531466186,-3629.281045382748
99,-29048.277371842705,0.6963266610956849,6569.583562653441
100,413200.10084399907,-0.7237523342049226,34534.190466102955
101,22654.870581072668,4.005960639686792,10322.661607742086
102,609644.0513230744,2.660898180392386,60269.59005076598
103,126963.01215362092,3.674433174858858,3740.126762629856
104,274083.59870452655,1.3188352818964884,16822.608827100856
105,267804.0566167146,3.90231535928411,28493.25590381114
106,-128732.22661373543,-0.026895535922568214,-15587.50599061491
107,80880.46098563672,1.3782108740077863,-3487.236377606838
108,658121.4114213078,1.0816685131524624,62517.40829956279
109,296595.0230496642,3.160437359078607,31017.645028911305
110,277805.7401894405,1.565350869631268,25856.034998354153
111,-130363.58516699023,1.2769044688918036,1218.4340071216684
112,281987.51144097187,4.1263406084486824,27250.655785250914
113,-27768.388776599197,1.030240567133637,-9896.287420715329
114,649173.3253066385,2.4613282022203737,63474.20940698999
115,246634.483984386,2.9173718327831772,28759.061651268792
116,207932.61811108264,0.5453925157167347,23792.637738985177
117,47218.59470111359,4.151752344359436,-149.68521367157155
118,151273.15105963615,0.2726744732033639,16680.564159324953
119,99512.36317301942,1.8230273330113747,3819.3873431967313
120,492558.73753121414,-0.05928200853184862,31116.02523228283
121,117590.76982616563,0.1371596450459096,11944.477862029991
122,295330.1195706172,-0.3503067804761093,12724.621052433376
123,436418.9326248266,-0.26515747579440685,22952.098808291914
124,456675.981399114,0.4359828227008018,36638.23083102224
125,-39528.961357796274,0.7266005243127367,-2950.2127814233354
126,480042.33180230926,2.822193651853137,50602.43524552165
127,262357.5684513519,0.6498739521576375,12862.981527454365
128,354480.40353969845,3.419566494914344,22732.8212842907
129,415772.48709946463,2.69582410804455,51210.58341328965
130,304243.3605183934,-0.259093668099033,6119.36674028754
131,287895.61247499334,0.5740797705735536,35232.00790798062
132,443907.0354616061,2.0961226411913145,42806.344759072475
133,149924.99868400238,0.5811489943154418,21257.312378335562
134,36810.87435568677,2.3307638000259967,5637.177611011381
135,216247.98683942898,2.4208175305687636,30497.657452614156
136,120668.0826179718,5.2107571949243265,13361.95461312337
137,416966.44450552453,1.4000181874386057,43388.771683293926
138,518718.2328542641,4.6782438854917885,54456.4151394847
139,237229.80484851578,1.7123914387044792,19701.081857100195
140,341360.3077718159,6.005818592369387,37233.8600184122
141,98500.6558498936,1.9386254823935518,4135.771964176038
142,494148.8260192876,2.0094207686305476,39963.680384368934
143,-82859.29517575956,-0.9187678992463733,1511.3585278310165
144,304985.69250299444,2.773394575730537,21536.395498837126
145,24744.653955308633,2.0656937677498988,7107.861347203643
146,232039.58111330998,1.9267811996506392,20851.512898798563
147,325749.06589750596,1.5048381072647494,41476.692914459076
148,120318.50798514119,4.511525055330726,9802.328936058597
149,99079.0370148411,4.122926408938124,13299.811737241442
150,114869.25173435033,4.5187784777130995,15990.916963637577
151,142117.05900418333,5.401044616037405,11419.686305390638
152,360253.2696019716,3.5956161286977806,18991.414915455927
153,474180.9852184283,3.911995853386194,44896.79971594264
154,73220.05171985699,2.7148789256949053,10334.176986758388
155,342338.75005334563,3.048841966866636,25788.45511786271
156,323178.5432367203,4.970944495878397,34785.16534367034
157,276839.923934293,2.959783495270643,24599.58103814011
158,105751.74502953395,2.79574028069565,5814.666984213687
159,169071.50314764096,3.6943627343780943,1028.886363784899
160,282296.96677958814,3.306478961821882,20726.465453305842
161,22981.43514447077,1.6740308776013704,-11459.956996861467
162,78837.71648311202,-1.0585905750339926,17092.043500348635
163,358656.8778201167,-0.05608047544783812,45754.619165834236
164,-1164.30223306283,0.2478334270164213,-2990.1014119581487
165,145514.78139489243,5.222469118491298,9214.1641764116
166,23375.173527132574,1.9234597796863229,-720.7322686336192
167,76564.33806292567,2.1045305854265965,-3029.1284672952643
168,136699.7891730406,-0.6087137869793127,13061.757186824616
169,301848.4427208025,1.9773579400659953,13480.646430436813
170,365978.20001661964,4.532461728985387,27481.655485699786
171,37681.857874282345,1.2868495991360094,16143.013929683955
172,-58071.67133677431,1.5739119073920094,-5980.317257411078
173,668342.1351455025,1.0817139282242954,54295.52295812572
174,128719.60768978327,2.882151648597107,5830.042063807137
175,259080.5327868103,2.4021964719926174,38779.898475981376
176,-15593.039353443339,-0.299840670412161,-1993.2662851931163
177,189522.77390783408,5.06347740948381,11882.343429851458
178,324411.18306908663,3.873574136123592,21553.50332447596
179,267387.7785329003,2.1013130434928753,29006.990308300894
180,88355.43424209353,2.847382479670004,8547.020298077643
181,287500.8241449535,1.2466515098422137,16586.85761839083
182,305546.27657541283,2.327666912002111,16085.292077628936
183,271442.4875133639,2.0726753512469385,26816.98941943683
184,278880.9118785898,-2.156668140511875,26039.178753976405
185,18397.130949642044,1.9508385336000522,5147.6372758395755
186,414713.34804500826,2.868589240453244,43510.86881108995
187,340072.0964926632,2.6858221050336137,23195.37347303085
188,142160.17666114226,2.80598276190715,26437.212617145764
189,270113.79320021183,1.7892781589636613,19795.990450792786
190,88636.88137766892,1.7821590619487804,3890.471842807281
191,50022.63679492881,0.7695261263850712,20639.93406834938
192,269396.48840128514,2.6033526519631502,32446.782274382233
193,434857.65625404497,2.137540001488693,40846.26891198372
194,345742.8587825486,5.2418162733778635,30965.471754573467
195,233611.5260312925,-0.5316185282573285,35679.414365662684
196,740770.2666241238,-0.43142994346592456,76143.45088954865
197,402580.29758089426,3.040352967421219,46384.52642160534
198,231046.6507169701,2.11247524029712,-11914.0851198591
199,63765.5973337717,0.3646296552609165,-5411.431519013247
200,131366.67555042304,2.1267837127473657,24916.09823170717
201,199044.82621384587,2.417166137520276,23072.780980672433
202,-53957.89412134903,0.9143824457491867,-2398.0769517340013
203,217425.4331116905,1.1865561436876666,16425.11127910502
204,210644.19369310664,2.9742863712156424,19388.556936698034
205,93226.04969685664,1.7140831789949171,19789.683410483995
206,222425.33263078402,0.6850121371195348,15581.147991404181
207,-90692.55685485603,0.20092271030840436,-5737.326499682196
208,277274.2883494497,3.073896858778901,18444.030594027747
209,517764.96818245575,3.6837881829682426,45911.41818330258
210,553105.2574904867,4.462352815551011,47634.18492623488
211,478719.2753562634,0.9730699659623525,30915.49549542167
212,262629.5401010562,-0.17087789684564925,7284.954256570301
213,246056.10281943844,0.7330709062386056,19595.021878203384
214,440677.8174679017,2.7121022745152983,41074.46654250298
215,170210.1219074453,3.5358620823968754,25337.212224693736
216,687328.6559380718,2.1407928287381934,64528.063020173206
217,168886.85252946132,2.028244532731877,13766.872529471737
218,-75665.90137968276,1.5294263824340373,-12490.881580873378
219,115220.40156472498,3.592666198748571,7657.992157566321
220,129367.88719270236,4.470107695033345,11762.404783147349
221,-20379.469404904346,3.790922061507261,-3677.5946191434377
222,243285.6455676686,1.7543612913822404,22284.231872967306
223,266046.4228235739,2.280584446110857,23078.466652701507
224,-79959.69917664264,3.136357947423207,1904.0971743513037
225,103064.04330050535,3.9551775779354896,14786.187199178281
226,305757.8428254756,2.8813131928668287,24512.5241560777
227,114545.64192286812,4.335475421547289,13543.735304893375
228,106496.11747176148,3.5661145545689017,-216.58818240886467
229,173082.47425465364,4.042542986803253,3627.7058440423098
230,446228.88258239324,2.596033530150631,46240.31055821909
231,117275.50632780351,4.424564598194485,11675.945203943345
232,41524.145123448805,0.8267194945220968,-8429.852520873723
233,351048.34105884214,0.47261643749231297,42316.64827730745
234,64739.29207892511,1.1730150653323106,2599.2824991439793
235,-40892.314514779486,0.7323809993602772,-2833.2216480414863
236,212794.61914982228,2.069829085485286,11613.602711845051
237,232019.6072800194,3.965710563798818,24011.704997674082
238,319829.7048200029,3.8079339544774595,28310.33556536885
239,90973.23763315057,2.2842900625385,2807.177136838247
240,100837.20774854752,1.7053004641182419,3497.1765552827
241,193713.25469418569,0.7699631056055907,20557.15868190029
242,235053.54967506358,1.6573236942233462,19694.155791995327
243,-6825.107281457604,0.7239653870116864,4623.358017166
244,34187.345669151255,2.346690602375027,7838.742502235706
245,607483.4556929298,0.8747354740090154,60777.58661983019
246,89610.57612282236,2.5905444720201745,11901.185860964506
247,174018.2580066631,1.0648265176243257,21015.70578126027
248,233679.32171051129,5.2804517417339145,31321.681094864784
249,315072.7438550298,3.1323081494787726,24292.530743267147
250,-138774.64211312286,-0.12584825271409628,-10192.836831293636
251,452957.794223539,1.164816881200835,32429.170825949506
252,-82859.29517575956,-0.918767899246375,1511.3585278310165
253,693146.2794574993,-0.9078204880366645,73246.2721030128
254,649158.6205287717,3.1945641094550004,67546.77061502993
255,280972.12220406,3.4242058307150165,21048.676241219873
256,-42568.30892068226,1.7762201472179404,5821.913945943799
257,308713.22982181946,3.380626625033631,45116.86922859855
258,142512.37258438923,4.025129099564227,10266.36055048246
259,143134.49162278764,5.832612081437702,14641.579954426401
260,311146.1034683025,1.2969303905916876,16083.47100007438
261,476752.51523184695,2.061062967604901,42696.03369823288
262,606601.0496657367,2.5739377232561464,62143.20631865073
263,381454.46282201644,1.678591496249192,41861.51179994152
264,76193.35068239542,2.662728244074448,12136.937069674534
265,833576.9670053271,2.95802907665419,89775.29340038035
266,72533.5294057574,1.388435712684764,1205.1927833458685
267,454027.9031764281,-0.7671453204877992,50487.5611168595
268,188796.56975987423,2.3117327546465063,23578.496331560018
269,325062.5435834064,0.17839489425460542,32347.708711046558
270,544660.9696745959,3.087160153214656,44381.99981885827
271,85449.25069912744,-2.2049252458265913,16773.83780181477
272,-63505.39301752875,3.339425036587726,-4188.247869334242
273,436365.4849227773,2.1681580815106916,52104.033544319966
274,187122.1505515155,1.730227483946039,20341.081442409268
275,140340.16550544853,1.779634346728499,19772.757993953273
276,-66031.60395494834,0.6128711224392456,4553.823854492719
277,-79925.02056548517,0.36419267604039884,-5328.656132564167
278,689673.8108589645,2.4499560654785664,63707.49138822323
279,126358.70189815143,1.160965702469757,18561.10216438911
280,337058.1279309096,2.9552796104609076,24352.730579834082
281,303711.8437133969,3.41199049358304,30142.31701102309
282,396214.7251545544,0.5907325581707772,31248.292543125797
283,288080.26309317315,2.24019797221977,22494.021742293793
284,-32066.016543856764,-0.24693953310559547,-2939.2816269382965
285,47920.84668562317,4.85601584160406,6058.120497294196
286,553105.2574904866,4.462352815551011,47634.18492623488
287,468772.3985668527,3.7019424519617323,48125.27055380224
288,135097.01538152457,5.0229752734878765,12809.818783434035
289,205495.15532792505,1.5243116576021425,26016.42587745617
290,341180.40469001245,0.574338355149024,30515.727265392325
291,-77836.81238879336,0.04927022266163572,3349.094090033419
292,-14302.873389072687,2.354597732077515,4917.276233808323
293,354172.9915827747,3.968860829207778,26276.925721240492
294,214548.93066654773,-1.4926347940593194,22703.788906605347
295,215752.8202592634,1.276742246496977,23510.992041507638
296,333830.47565539216,1.202200951678452,38964.33301340568
297,39229.135684209585,0.09032707722528688,19118.819682910762
298,304033.0981998169,1.679443988010437,34683.48578630581
299,40759.538142777514,-1.3983552151105592,7036.644354883738
300,239088.40642674314,0.18299155861058658,24973.15804992988
301,475.4383641384484,3.601503969099695,7480.066784108065
302,161680.53556858064,6.833482410287667,16577.339098193075
303,161389.32683468697,4.131123680804347,6295.029139872378
304,125000.0409598366,4.500874106790241,13958.231838946132
305,262777.2280886417,1.497223222900523,10779.992291381946
306,147183.4753077727,5.25680877440929,8913.300795547279
307,63414.447503396994,1.2907419342254451,2921.4932870580105
308,298629.69773939747,4.1784060509766725,35569.88101331321
309,329199.7994096619,4.195819938215699,28931.226306873057
310,41172.995293074084,1.7528317734866263,-96.92771480246665
311,100834.58645813109,1.1853862660547696,23227.65429901078
312,235669.47131516683,2.2078769668489873,19559.891573335983
313,-184582.93241403642,0.7319440201397613,-2750.446261592402
314,39516.858204653196,0.6815979376089745,1630.3039433947088
315,206468.2985714431,3.592992180843101,492.1256136890188
316,158424.77739278402,1.0819425451974674,21244.53092486543
317,337841.44676240475,1.5503812041036094,41563.15249366308
318,79235.83656892407,4.196746351963512,1825.7657130106345
319,161672.15352463422,2.17601186339002,-10698.769095609709
320,455537.39837013604,0.7812460122652833,37427.36416325864
321,477705.7799036552,3.0555186701284485,51241.03065441499
322,133101.5661773262,2.672134242374412,-6737.203992905244
323,284382.4292385628,1.889889000283655,19889.376095101656
324,203739.66261371522,3.385112867308842,29433.60321492521
325,147496.61256017498,5.2546800548983335,8907.474628612552
326,300998.4550724677,2.1614813782488804,26651.45800776768
327,101740.7739225213,2.4475600282704946,3215.84750395628
328,209860.34453954807,0.7868685101985129,18453.617372240235
329,112183.12520286578,4.052871356394807,13069.886695466143
330,133661.68498966226,2.8631761300441765,-2632.573972077327
331,208970.29025555687,0.9457234497623501,24588.697136326442
332,28359.413502918294,3.15301073502043,-2079.6181905035246
333,456968.7653305518,1.5129971336259915,35027.99030620691
334,123573.05844008276,4.12960697485407,6503.841266628682
335,365828.22800959734,0.0941782559563622,32986.88834447116
336,370525.67504200316,2.801573347941252,37510.87906461267
337,170210.1219074453,3.5358620823968754,25337.212224693736
338,755037.3369442878,2.038239189960508,59893.35588371643
339,146253.94431245048,3.9986201268292474,8082.185828553123
340,463112.6556827045,-0.6456363913363194,51560.36249720787
341,172693.41343113498,1.1825533865174593,21337.916569174307
342,55619.6944057557,2.5223789376258168,-4121.972085923029
343,143128.76632730916,5.2854464666552285,11103.301684411334
344,430802.94727358146,2.166177693734631,43036.269800847775
345,245971.7720991531,2.2202684127005323,25205.262141138734
346,368163.2047107072,1.4861976562391828,44240.84341871386
347,80019.15540041937,2.7918479456062144,19036.18762683963
348,158940.71392215474,3.712267105300954,3061.5714884763474
349,174650.6593294409,-0.1910531601963985,7581.533222842954
350,92049.41835907986,2.7965673904297086,3808.4561887116906
351,302714.84116813785,2.7943527357305893,26386.140423962446
352,525094.7889555146,5.1495170822051675,55700.38004976725
353,294107.9005089116,4.417245476381966,25469.47348778021
354,-94703.52796186862,-0.1472575421167539,-8336.14597993961
355,184099.0062116597,-0.47180595692551464,15286.793774505913
356,56079.57128319371,0.4002665405107564,-7488.498499483847
357,526015.4204926185,2.1848251372786764,37891.0616569322
358,259265.18340498995,4.068314673638834,26041.912310294538
359,261482.69407556864,3.567933189697026,28090.175147843343
360,188602.4749335014,0.8118548093959621,13218.741789162574
361,-103471.46003385435,-1.1710635995406014,-14952.770282298721
362,506927.72919828584,3.381407078479552,49179.12416698545
363,105091.51935481932,-2.0623885615631172,10372.034202254785
364,485411.4028666442,0.3470467395790662,52505.14190257478
365,-183181.24655144406,-0.9094216462491458,-3201.6802424073394
366,359836.1304483097,-0.6186504888191555,42005.36864387846
367,-100019.8987001793,-1.4917665279669006,-6392.011193082986
368,317787.90348209837,3.9546332333605974,26497.301850357067
369,14651.877307794755,1.1596145792191876,813.4478327585566
370,380296.25517482124,1.3144339292712086,41367.185808198476
371,460651.8944072953,2.596542012796734,41705.19716143899
372,91923.13363983715,-0.8726774011062268,9823.758073142602
373,417317.59433589934,0.47390590847407843,35055.84687722266
374,324190.2505598461,4.855346346496221,34468.78072269104
375,65630.82218667469,0.019174191577303823,16338.547716704263
376,28787.83049673756,0.6302743657225758,1426.853230808858
377,71170.67225225695,2.430146141031467,9854.502210396433
378,279176.47583294695,2.726458476995332,23960.985629246774
379,328231.82995998685,3.9346001429267803,24458.790558730896
380,307859.632934781,-1.2051765223521613,39094.33772713287
381,103523.33428003205,2.171207585436533,6418.206823454137
382,-9511.23381294214,0.2580582656933954,1702.3277489945594
383,496039.97996271244,1.9931318507914657,37728.64444526177
384,417963.44705078355,2.0176559452910565,47144.948270354565
385,56766.09359729325,1.7267097535208995,1640.4857039286671
386,55619.6944057557,2.5223789376258168,-4121.972085923026
387,204131.21635072576,0.23400093174398062,17406.203371953558
388,230181.75302281618,1.088960325060527,22958.856211818304
389,277599.89923485625,1.5588702035490254,20967.081189920456
390,496840.6778462505,3.0224935047313153,46422.98892255543
391,202378.3806577588,2.801478877097417,26190.36215883974
392,141723.37597991357,-0.34121911205435396,12727.86292478332
393,-75129.2731096092,-0.7422524542615268,-12455.566855829715
394,462346.74368899927,2.991976991045051,44408.32911256485
395,125371.54411117581,2.4956187973895636,7229.72139075548
396,414129.63183932134,0.53443631337512,35365.305433097106
397,276923.138519075,4.000009137743428,26776.955400098996
398,134615.23509080044,0.8427887464408927,11282.517423709403
399,-3890.832671183278,2.0069259622984603,-2216.6566432291875
400,399669.33077072544,1.5666447399155032,48970.003650903935
401,298954.8827484237,2.736364688584353,26124.512188921384
402,80667.33699048878,3.4724338301788107,9830.185507074355
403,75181.64335926958,2.7783263934566245,12453.32169065384
404,-90692.55685485591,0.20092271030840436,-5737.326499682204
405,140835.3320856141,2.9237096308002863,26759.423405059795
406,-65496.28344510478,0.9118667734689785,-6325.491259329197
407,501441.2661212658,3.2813640559915798,42854.445820523135
408,334137.1273492568,2.1264738604968407,17259.00566431047
409,82745.68583853962,1.0327554103241763,18262.742858110665
410,156735.6534065585,1.233673181731624,22079.677243754635
411,222639.2477185464,2.158854820047516,27669.06115485676
412,307701.5224986936,3.4962247744158077,45433.25384957786
413,443838.71232117864,1.0671231027415171,34145.47132966165
414,172625.09029070754,0.15355384806766192,12677.043139763471
415,510246.5788643321,4.498955725291319,56369.266553192705
416,141474.700439915,3.6247981655186106,9470.301153141194
417,103090.00812185377,4.471106661363281,15898.63121749885
418,234341.45440080648,4.4656214527581355,27445.67079682069
419,71521.82208263158,1.5040338620669393,1521.5774043251786
420,213871.845968624,4.727365029998098,4776.954503126448
421,-109235.266833834,1.0482340933876761,-8767.430975669942
422,198947.21630284234,0.17875539998833556,14617.907271080461
423,329920.9539462124,3.78286950639262,23623.6442398417
424,336956.0241585218,5.335224145021721,35864.23523021148
425,310722.0786042963,4.223949147815533,35656.34059251721
426,103128.02069982616,3.547123101909712,7571.532578362321
427,333018.1237283129,2.250681395472218,22470.170260658197
428,313753.6245749802,3.7972006331543815,28153.019801196242
429,459332.7751272457,3.2614344964723427,45565.686219368086
430,73506.70838010186,3.643878773508982,778.3517127239502
431,292935.20177302626,1.8861448276889217,20085.900742582635
432,180169.9153452405,2.0406042439467877,24064.026496287235
433,560369.339884338,0.8091843062754345,60794.5120363609
434,6941.6927917999565,1.3510137545510155,7947.232485520746
435,119887.69821847673,2.266400067199039,6428.072382263986
436,252934.45614554326,0.14782146294340404,16554.13163653362
437,301359.5621443329,4.2674952276238685,33702.09091236318
438,299350.85227594804,3.7654556191535953,30262.29894628185
439,212265.02393545717,2.317999049238029,26031.19609568204
440,343696.8596704699,5.772493574094076,36595.26460951886
441,24803.01985424559,0.06256717786017951,385.1770659477188
442,248471.6822942708,3.389115624479047,24520.79792485593
443,306862.63038952206,-1.8228142802046108,35338.16114007223
444,132070.0213040448,2.419817771439912,412.3213589725965
445,191273.89668711915,2.0109978379488807,20212.333265373964
446,163655.9803953694,4.494143542637367,8888.110784704237
447,397165.454322175,-0.07947015262655643,38543.54627371608
448,164154.8603470471,0.6369510689843878,26879.42876736114
449,-36194.750966564985,3.515919710932298,5458.480909012615
450,140978.4877668771,0.3354642648252204,10321.563002626724
451,431814.65459670726,2.0505795443524537,42719.88517986847
452,514562.92760733527,-1.6739463335699005,44696.88773654273
453,121384.73146958003,1.9916762548824165,-4579.9497227347165
454,102707.88112382556,2.258763559514869,19846.117672370914
455,42856.47376372627,4.729684370898807,5584.420112142276
456,285543.38260347524,3.3557140754211012,29898.541667646474
457,328290.1958589239,1.9314735530370601,17736.106277474973
458,115969.96898036764,1.3178898200298663,21440.49761033004
459,200743.36815679504,2.6561465805554914,-7998.114956554851
460,496374.84981767647,3.425599897619694,45360.831330366505
461,-91043.70668523063,1.127034989272932,2595.5983063890544
462,410359.83012985974,3.9890095220082995,49062.99791384718
463,59409.5839002509,3.573563748963392,8363.021760909282
464,474180.9852184282,3.911995853386192,44896.79971594263
465,246492.90350066707,3.8802727802001105,33304.37157056583
466,310118.3885653188,3.928725584885589,30670.96931339988
467,273612.27165877545,1.2067048364881883,39211.183471711694
468,133703.847665569,4.111702603931214,4471.15614193723
469,508304.9146695037,3.429350519931006,43886.116786893326
470,281235.5131979169,-0.05522798368658943,38576.59315219853
471,325643.1637291105,2.873604026470065,23747.50930272018
472,479423.93698546477,3.260205996157821,49689.62517444427
473,304349.9186341072,0.777146859738072,29139.66286429508
474,11861.36947035353,3.3267615905270054,8801.547222303481
475,289155.7178538669,-0.10438494839841894,39326.08384646273
476,446228.88258239324,2.596033530150631,46240.31055821909
477,232623.2973189969,4.260934126728762,28997.076276791413
478,371018.45174480305,-0.12021150498979605,31836.45730277279
479,471800.69544632355,4.522138816332598,50324.21549395744
480,65483.66452115262,1.9433893392055595,-3431.9726674785743
481,115615.7151449309,2.216750682275392,6504.666402658138
482,376305.1413852904,-1.148819306889262,31840.46239215296
483,340363.3052265569,5.388180834516937,33477.68343135154
484,215240.42841760296,4.232820216433868,-334.0766539090473
485,274168.5021806754,1.7606404667177227,17605.989561928727
486,587986.4959130284,-0.20039415530122984,53957.511604885214
487,93266.45360349247,-0.5109164776054138,16095.208373583602
488,115694.16736036557,-0.7454699961952471,19580.551919766436
489,143066.695943569,0.020541811446459057,18999.313225224312
490,108562.09041713079,0.9965078897045094,-9006.573136229777
491,234399.82029974347,2.4624948628684153,20722.986515564764
492,419639.4414566865,0.9738167974333933,38489.81267636929
493,406573.861850117,1.1558182438223037,38924.95737267676
494,366573.1162226338,-0.5825051209232113,35393.18826662775
495,52943.525115761644,5.088597944647043,8340.555356572295
496,443513.7229553246,1.7737084462688077,44035.53945112917
497,677787.4838805879,2.0693874984961598,60393.38556257494
498,501227.6341050477,3.184957462588552,47415.45100561725
499,196598.256683006,1.727742249683514,16859.23743428112
500,106887.67120877202,0.41500261900403945,-12243.98802538052
501,374094.20760068094,1.5682782200124121,39066.28963396356
502,467222.7590240955,1.6675141658109687,44347.108652624505
503,337677.1786950724,4.922273713198643,30556.65316318011
504,303377.55305337074,3.4914561558132347,29939.939934092497
505,413101.06534584693,1.4966810794916308,44216.991937078266
506,4743.271339749859,1.4786433206827354,-8027.355989437188
507,200310.56945982552,0.17297492494079592,14500.916137698605
508,76899.80044107916,2.983013719485998,10901.916210683117
509,491516.3178503636,3.3057490929966815,49776.08475364827
510,77911.50776420499,2.8674155701038213,10585.53158970381
511,247647.76650505592,1.1764292648428718,16550.126547153457
512,157013.13428870117,-0.30881791675314485,6312.207195013605
513,146567.0815648528,3.99649140731829,8076.359661618397
514,-52946.186798223236,0.7987842963670113,-2714.4615727133096
515,351808.98178608075,2.2204234663614253,15739.229808079312
516,290671.5863452924,4.007870824323221,28572.28444772165
517,249322.1857134146,1.7579345355433391,19787.5414363042
518,474493.14471172844,-0.4026605164813848,21896.57636028614
519,129044.82842963596,1.6268728237880499,21482.132432560546
520,149924.9986840024,0.5811489943154409,21257.31237833556
521,237273.5427219666,1.335573494033384,14912.261487978729
522,669871.2454780708,2.5958121439715347,70754.81646178142
523,110221.53356345318,3.9894238886330875,10950.741991570689
524,650498.1698821665,2.343601333327239,63151.99861907595
525,14939.04973884864,0.6415567762804386,-304.82235249673613
526,326153.7492148393,-0.7541653169766063,37269.282346583495
527,78262.65759457968,1.9413032911392927,2252.6067836325547
528,390152.5442322705,0.7422543786076874,28836.157832917554
529,686340.2564150516,2.0656433259014264,60589.910210055925
530,254079.14667838774,2.4335603405420265,23805.346258405913
531,394564.89121317235,1.4150447705912015,41460.571452507356
532,411019.1973722861,1.6181118597557207,35368.22640882181
533,334507.89231849194,1.166068464526469,38445.57131549578
534,-20694.1342681901,2.616560442598762,7745.872531565716
535,7850.398363340908,2.978581338101847,6202.727742046072
536,419639.4414566865,0.9738167974333942,38489.812676369285
537,67738.04009200289,3.083851117892471,-2923.068488398454
538,331620.208475981,5.104770761489696,33587.626537868106
539,458335.7725819866,2.6437967386198924,41809.50963230745
540,300918.91172548034,0.7191692924859518,12649.531463442658
541,221481.94844808563,1.8296098249515085,24558.406041794326
542,522772.94183472765,4.649606193245851,52266.41425062064
543,255295.3976680015,2.0557699466540154,28920.530729096892
544,370667.3019144285,0.8059007739747317,40169.382108844045
545,173909.53095959977,2.260826635774859,16049.307388749836
546,189113.04097909154,4.157785747064787,22478.32483240423
547,26521.176936055126,0.2672545038895535,-1166.2284140230004
548,480435.6443085906,3.144607846775645,49373.240553464966
549,53036.569625856006,0.3133060833745178,-5614.882231599102
550,224225.36995318707,3.7502899164463654,25405.794713472187
551,311622.0103428739,0.4413263185278238,36837.99735085317
552,180831.54540677468,0.4056865098245659,10358.294073864101
553,299902.4170290565,3.7642770340929834,32578.08289168234
554,149520.02720642663,5.023483756133981,8274.705386653939
555,-93131.91486192244,1.4419574426516943,-6082.1519162085315
556,19378.357435784565,4.223427633767607,4621.179391818552
557,-264771.4970735718,2.7091958709898813,-6194.910316779762
558,339324.78149159206,3.3182994722939285,26945.812224665948
559,220993.96567036834,-0.04673898424117251,17980.52184845591
560,147428.81688095635,-0.5573902150929095,13265.207899410463
561,116232.1088878508,3.4770680493663946,7341.607536587013
562,198534.046479079,1.9714141888011394,22775.005898925265
563,74603.26219432204,0.5940254669120533,3289.2819175884324
564,228003.64905963244,2.0255147831608795,-10040.468851974347
565,321922.74540867313,2.822776056485809,26139.88726851484
566,223908.89873396978,1.9042369240280879,26505.966212627984
567,51099.083314709365,1.2146658270817339,15907.262720973926
568,54010.264371009456,1.121691493445912,2395.8317865581266
569,268399.4858560262,1.9857148941107,28690.605687321586
570,143524.0799075151,3.9095309501820497,9949.97592950315
571,446510.13407479634,2.2662661312944357,41139.06280587303
572,243513.4970342621,1.3014213946574626,23461.263533541012
573,432452.9768581358,0.6064094624491769,33268.69018854192
574,212443.46931944764,2.995941364449813,19946.527517916307
575,201926.6227692473,2.7576067855309816,24461.015308105278
576,-19944.85501278995,2.525115401457242,4338.3604247722305
577,95068.26155100073,3.039290137647937,11145.691554059733
578,228729.51970813848,-1.7620141505992226,31467.998708406943
579,233218.83374150307,1.3642111862793218,17102.262376842784
580,278597.5577274337,4.581514408443896,30014.370289249746
581,131572.2334334628,0.7558282893046533,13156.133691594161
582,182239.22225742473,1.3191792910116318,14179.696210245253
583,336642.88690611953,5.337352864532679,35870.06139714621
584,405330.1358191202,1.0905127799202372,41356.54422177978
585,-93380.25858388457,1.360360007548243,3234.193715282392
586,272384.29649851815,2.5534220819730944,29732.281852182718
587,109427.14800964948,1.6268210600111654,-9493.121842088382
588,517750.26340458903,4.417024090202869,49983.97939134254
589,139800.28123155632,3.0432928948181437,6232.886263990447
590,181309.80777791137,0.13713426301872111,17116.293080163698
591,135028.6922410971,3.9939757350380796,4148.945354023201
592,444717.82167049823,3.4167004895039876,42957.02686167886
593,489470.3187382849,3.8364263937128933,55405.87760859367
594,152930.3342409294,3.4891669257026194,7115.40524053572
595,245785.5557627863,2.923208503160755,21599.767656684486
596,309914.12280827865,2.296900500245216,13889.465021830154
597,158161.67455916957,2.378045022021891,20906.631573443963
598,395134.5080245132,-1.0671308421544614,25314.74159410627
599,358905.1172263379,3.9040906498098584,23568.163134466533
600,296327.1221158762,0.2673309773763419,16480.797639494027
601,111412.55007792872,2.3196083207003837,-1798.7924449104576
602,259451.39974135676,3.3653745831786113,29647.406794748786
603,355307.4602446446,1.6378501438859514,35154.422828998235
604,115533.53881712726,3.5905374792376143,7652.165990631602
605,278597.5577274337,4.581514408443897,30014.370289249746
606,26709.57956153617,3.9773229474408556,8132.660718878029
607,164173.62943793903,0.9758007830620947,4960.247338248562
608,495377.8472724173,2.807962139767243,41604.65474330585
609,322828.9686038897,4.2717123562847945,31225.539666605568
610,367151.49738758133,1.60179580562136,44557.22803969316
611,194977.45583720796,2.9084724246674702,26355.25718258116
612,189679.1714302397,-0.12292551346565439,22657.575929815164
613,176865.5896400839,1.2772534480681506,20674.885454114108
614,232700.13860606117,2.737295329232989,28868.05308389051
615,144890.04106607765,2.8950719385543477,24569.42251619574
616,154233.25029794886,6.075927505803763,17081.33057787711
617,236565.51776573877,2.6406324371799648,28039.832830106177
618,377282.28661306755,1.5838914346985007,42524.54291500171
619,204263.1746679012,2.5242817672556717,23822.41989921195
620,429638.39942325506,1.9955117998713208,42712.9591147636
621,-39528.96135779633,0.7266005243127376,-2950.2127814233318
622,50563.23534365685,5.698740907593449,13767.971134587096
623,161321.00369425953,3.102124142354548,-2365.844289538456
624,457965.76787581074,2.130634891478442,38784.16689326755
625,42534.277249030536,2.3364657636980537,3146.3133412829993
626,318761.5982272518,4.76301864343199,34508.015868514296
627,244812.37678844185,0.6677654423365373,22026.60872730641
628,117562.6787588574,3.906506795255735,10557.675018688053
629,122249.78906209872,2.621989425189075,-5066.498428593321
630,116263.7990046777,4.5401627475766615,11992.329824922652
631,215585.27495419612,1.7237141104861182,26943.857942484105
632,638038.8525853276,1.6253852684826695,58211.49312142998
633,-37869.17017492367,2.934414440231829,2221.0660198618716
634,208969.7744847479,2.3927811005151733,16151.142047547291
635,232004.9025021526,4.6989464710334445,28084.266205714033
636,402931.4474112688,2.1142406884566913,38051.601615534084
637,419146.66475388635,3.8956016503644424,44164.23443820916
638,94430.28732612234,3.698358136541726,5810.850218871021
639,92647.65684150929,2.8657953332389674,6044.59202598899
640,484584.3461616981,2.1287630906074577,40083.54035786725
641,310765.8164777472,3.8471312031444365,30867.520223395746
642,302425.78562877164,1.7476464271755603,19319.812253569864
643,356816.9554383524,3.186241476639034,22094.225875397373
644,510967.7334008826,4.086005293468241,51061.684486161335
645,312970.16271850764,0.13285179741574638,32261.24913184256
646,-61663.757722082606,0.5821047106823514,2357.9967986939373
647,303405.56125641154,3.7368179269076576,28072.298057417785
648,505648.120941372,0.6038988461594634,34958.66139854748
649,296307.85061861033,3.6784951620173567,32135.915214166598
650,258312.4345039908,1.6268013203624632,25934.470442891565
651,432957.24908930133,3.113060446683088,49903.10150097086
652,98484.99630658585,3.6697204442957894,3620.849330006964
653,325544.12823095836,5.094037440166618,33430.31077369549
654,426085.5264078851,1.4977119658979232,41672.471179581786
655,259309.4370492498,2.2444390782149135,29690.64702995221
656,110864.05359905589,2.161275784896735,-5943.279569713039
657,178705.36830990447,-0.21969085244233355,5391.532333978899
658,-107560.8476254752,1.6297393640881452,-5530.016086519197
659,415126.63438458036,1.1520740712275712,39121.48202015775
660,317764.5956819928,4.14538088557954,30751.83928145365
661,204263.1746679012,2.5242817672556717,23822.41989921195
662,482828.27808674466,-1.8620261146722354,51012.23175689872
663,342787.2561197318,3.508147188915439,25400.144580120774
664,193693.28086089506,2.808892469753771,23717.350780775814
665,431814.6545967072,2.0505795443524546,42719.88517986846
666,205770.9569479271,3.587671473827258,27876.371568019764
667,102427.29623662088,3.7740032412806364,12344.831707368798
668,328909.24662308657,3.898467655774797,23940.028860820996
669,221345.11550074304,-0.972851263205702,9647.597042384648
670,447947.03966420284,2.800720856180004,44688.90507824837
671,294258.47115101037,3.3937623773539176,31656.24043780464
672,201220.17301056354,2.437321310119433,25696.036167096692
673,-85026.11548023194,3.28059378905132,4410.482684194667
674,348362.2145273576,0.006709316174020152,39395.61800913601
675,68526.6661784903,2.030349796341798,-5305.5889353633265
676,165952.57791918694,0.7452839574451042,20606.887189866928
677,324711.39375303173,1.104507173219134,40680.633517117814
678,236065.25699818946,1.541725544841169,19377.771171016026
679,503645.8954335705,0.9445207397878432,60897.093077516634
680,356357.9962768622,0.9225967564615738,43036.11365425456
681,466912.2787929361,2.376319620968661,49719.91626897639
682,7582.5331603791565,0.27223749398284536,16763.339545774023
683,141163.13838505684,2.0015824664714366,-2416.42316306011
684,296293.14584074356,4.411731069251983,36208.47642220655
685,262006.4186209771,1.575986231122167,21195.906333525614
686,315846.66516365035,2.8120427351627297,25982.571504342217
687,258010.5572950701,2.8780950305358393,31125.301836186813
688,52943.525115761644,5.088597944647042,8340.555356572297
689,213522.27133579343,4.028132890404496,1217.3288260616755
690,328290.1958589239,1.931473553037061,17736.10627747497
691,352805.98433133983,2.8380612242138747,19495.40639513996
692,115615.7151449309,2.216750682275392,6504.666402658138
693,84964.96475774629,4.749613930418043,2873.1797132973225
694,61001.38613571535,-0.9999089626798892,16263.0192919853
695,476089.7265942334,0.47088680953826056,41280.93148400832
696,35758.76312592506,4.671361606008506,9648.03726889109
697,76505.97216398866,4.107657175316316,3693.555813960662
698,338955.96019394323,0.42707334065345215,42230.18869810344
699,198838.98525926168,2.410685471438033,18183.82717223874
700,417963.44705078367,2.017655945291055,47144.94827035458
701,70592.2910873094,0.2458452144868959,690.4624373310253
702,245785.5557627863,2.923208503160755,21599.767656684486
703,667345.1326002434,0.464076170371845,50539.34637106508
704,294507.1466910089,-0.5722549002190469,34913.80220944676
705,454699.68498183455,1.1057712621737101,38591.64733516674
706,206535.89574663498,1.7651314707834977,24983.78209539535
707,161628.41565118337,2.552829808061116,-5909.948726488241
708,220088.9763753023,0.18288113652981597,16664.44269737322
709,277864.1060883774,-0.43777572025845046,19133.35071709822
710,164052.05423863448,1.644660783052367,25896.007941941472
711,99327.71255483973,0.15690913136515938,16557.373508883564
712,129357.92995121185,1.4379815666938285,-3621.152927519408
713,500429.55879813986,3.3969622053737583,43170.83044150243
714,324411.18306908663,3.873574136123594,21553.503324475954
715,277477.8981591714,2.300715496376852,29934.422373328824
716,-89661.01198157459,0.4532391812429042,-12886.851851560048
717,652216.326963976,2.5482886593566123,61600.593139105236
718,283270.66152474156,4.114864371893275,28737.179471463067
719,390447.24711678014,3.2121166943891946,49258.18403212071
720,-40912.171832261374,2.8474539830955896,4094.682287746624
721,29787.259830031282,1.292118133194287,-973.708855922192
722,103128.02069982613,3.547123101909712,7571.5325783623175
723,127708.09600982974,2.262293779114253,6591.125981862144
724,130745.1767285167,2.5375446403330457,734.5321468866241
725,222179.37084110838,4.280967217162579,31035.587568417584
726,139328.45818232268,1.8952324961106752,20089.14261493258
727,191133.12165852817,2.0784077363711955,22939.900922666675
728,83987.93604577795,2.0930468084174123,-4043.1889726388363
729,40120.884063312435,4.093429579469135,3913.9319430772375
730,506936.33222052467,3.923895333495235,48997.14794392882
731,365477.07817922265,1.0202905349208908,41319.81315054241
732,442188.8783797965,1.8914353151619414,44357.75023904319
733,145427.30564799072,5.976105007833487,18791.804914654527
734,527340.2650681466,2.067098268385543,37568.85086901816
735,415382.5085599982,4.221591625051279,51345.432773125285
736,187038.93596673344,0.6900018414732525,18163.707080450382
737,50374.83271817581,1.988672464042148,4469.082001686065
738,157617.4445441707,2.2046495556359575,-8508.768206745652
739,258628.95211191446,2.440082686231156,32038.111907264196
740,199044.82621384587,2.417166137520277,23072.78098067244
741,45889.552351411316,4.653457235085646,7615.352144199638
742,522332.29141587496,1.1012802581079342,31213.854801700116
743,371051.20594334323,1.4813177628761736,40939.90590184831
744,117265.549086313,1.3924384698549686,-3707.6125067234134
745,429223.7588644312,1.2223890957731607,31536.811971972424
746,398839.8735305338,0.5020351180739109,41780.96116286682
747,323611.8693948986,2.671045419951649,25304.740949625637
748,149296.94596978815,4.085580583965486,6208.569560668373
749,363248.33561168425,4.443372552338191,29349.445586649817
750,173686.4497229613,1.3229234636063651,13983.171562764277
751,150100.4094452986,5.509454971282866,17514.614096867852
752,283207.02634799364,2.8535830748313833,30981.83637361551
753,206984.88818727763,0.2529361890731323,16894.367739148525
754,437972.06631819974,1.5367743966545424,36869.9769503521
755,150483.76471008954,2.799743037865856,901.8616941444034
756,196255.86047936202,0.20161261718673273,16690.917026562667
757,355712.1435619779,-0.6211532803554043,30947.01226112266
758,58707.33191574126,2.8693002517187667,2155.216049943516
759,-32810.90475689329,0.4297438437739789,-5345.581549094888
760,74529.23675207738,4.328247018704009,9497.043564675287
761,-20661.26201296429,-0.8272962022938257,-9810.176426903117
762,571951.8493912043,0.4438880262771354,57966.86741249835
763,325165.52050254366,4.038387338009484,30586.94425771223
764,-191033.26152811554,1.6247985000578922,-5694.091158376144
765,54301.473104903125,3.824050222929232,12678.14174487883
766,-53671.21769377787,-0.6396053104887267,-12048.665430658008
767,251514.68395160846,3.476076081615287,22647.18165697117
768,253658.14618628126,1.3995294444412059,12496.292795094083
769,274411.44073479564,0.5834706551509043,12744.221452126185
770,194541.3574920041,1.1335053711988001,25140.83296601577
771,291414.4734844045,5.029517158839331,30902.715432729732
772,441220.9089301216,1.6302155198730217,39885.31449090103
773,25381.401019193116,2.2468681044047516,9549.216839013126
774,337349.3366648033,5.657638339944228,34635.04053815479
775,63129.346273369854,1.219385271905229,679.5312828459901
776,312803.66350631265,2.7250822780264903,27856.187772226975
777,277934.8458422008,3.8844109883612514,26460.57077911969
778,261496.5472629448,1.165146854285008,18281.802130459044
779,307577.57090962474,2.5302255185205267,14528.060430723497
780,118553.09376026725,3.526962674281169,22933.407756006105
781,117239.61999579094,1.06327192401044,20277.402668101247
782,125951.8322917039,-0.9930394073004116,17075.118083817906
783,144741.11515192766,0.6020470821469273,22236.72811437505
784,481760.48888411873,3.0268809778825108,49051.02976555093
785,127708.09600982975,2.262293779114252,6591.125981862144
786,-14021.621896669501,2.0248303332213187,-183.97151853773903
787,25094.22858813923,2.7649259073435015,10667.487024268416
788,472462.82813661883,3.7073085273568185,46448.20519591336
789,326877.9522888748,3.6959090492563815,25497.26050772644
790,312058.7752932762,3.4017656549060664,25449.887850070383
791,234024.98318158922,2.6195684603398552,28545.84229597648
792,34187.345669151255,2.346690602375027,7838.742502235706
793,79587.5021701078,1.8235764222461581,1930.3959957185252
794,293327.89406281564,-0.009684886847729501,38663.05273140253
795,169898.55985258712,1.912646383349701,13450.487908492429
796,9984.694449137634,1.437974211687254,6073.616217635998
797,143134.49162278764,5.832612081437703,14641.579954426401
798,449110.8928269715,0.036295189211647205,38666.73692415746
799,232004.90250215254,4.698946471033446,28084.266205714026
800,214305.5901672886,2.623234484047199,18427.750739890667
801,-94348.03239038726,0.36368419339429625,-793.5427357840672
802,155367.07095757948,1.7282179952958536,27190.70840079013
803,314061.03653190396,3.247906298860949,24608.915364246444
804,502902.0533134063,3.7664627332890213,50652.865894767994
805,169631.7407424978,1.3515611558523029,16173.172451628332
806,24407.706274039694,1.4384826943333593,1538.5028208558979
807,229289.742875084,3.8766213871516233,25879.495098624106
808,236666.47386042585,2.8255147247014367,23316.06816039663
809,22654.870581072697,4.005960639686792,10322.661607742084
810,49527.47021476325,-0.3745491576867135,13653.26865724285
811,246179.7662482648,3.8824014997110687,33310.19773750055
812,132210.5556948913,-0.6883417925986244,3704.9387002676085
813,197700.36649945733,2.5691861234192537,-6124.498688670097
814,-566.3838782701641,1.0286630017134737,-8746.821366384294
815,218147.7380568543,-0.9597093616680512,16149.712351358376
816,154546.38755035115,6.073798786292806,17075.504410942387
817,463343.7462342583,3.6096147488975014,48164.5056996255
818,2160.1465598501964,-0.7304295335685662,-9520.266135113256
819,110884.2454486861,4.686527308715734,14504.541501700744
820,62402.74018027118,1.4063400836076214,3237.877908037317
821,77654.49760148616,-0.9732882424262197,9730.372428833725
822,363427.96440420183,2.7432505830509486,41574.49622136148
823,295980.00858834124,4.413859788762941,36214.30258914127
824,158838.23963177862,0.6723621066925167,14652.058066189726
825,97151.45738138747,0.10184138688402733,16550.447443778696
826,-167803.44124589628,-0.5070302530880424,-18288.160129669774
827,119627.78789686749,3.5690598641536573,8116.171302603258
828,-90692.55685485597,0.20092271030840614,-5737.3264996822
829,-33781.357780846825,1.7589558951612148,4690.862307218378
830,234542.10311948715,2.8718287359443173,28672.60207206479
831,300391.5926946579,4.006275432334951,29229.65516422102
832,10271.280982280208,1.2580588133646105,-46.107929782621795
833,1401.647083045391,-0.32450217603811904,13986.578694752876
834,547347.0962060805,3.553067274532946,47303.03008702971
835,156915.14488342137,4.056874113565012,8157.081405396857
836,32819.47616934567,0.7658747333365845,13215.057596407645
837,638038.8525853273,1.6253852684826677,58211.49312142998
838,261991.7138431104,2.309222138356793,25268.467541565566
839,506956.76229386986,3.737825041043083,48462.865005903936
840,417463.18628323416,0.9187490529522613,38482.88661126441
841,217507.84224134462,3.1222728351550684,20420.227903068233
842,-50691.811227372964,1.9392460750539202,-2205.5573936331857
843,148552.05775675166,4.762263960845062,3802.2696385117815
844,11965.750776310218,0.6937074579008966,-2107.582435412878
845,278796.1551908503,1.1858067486566997,38231.7677356722
846,313011.29259037913,0.7647123893248118,12735.991042646663
847,144741.11515192766,0.6020470821469273,22236.72811437505
848,208785.12386656803,0.726662898868959,28889.12821323413
849,231543.0349787726,1.6725943152719545,26202.097267903773
850,156264.54463216072,6.278486112322178,15524.098930971672
851,109243.83824628638,0.14738448372288726,16636.9070229827
852,456675.981399114,0.4359828227008018,36638.230831022236
853,102485.66213555782,1.7708766513909184,5622.1474261128715
854,287519.67902075464,2.6859256359481933,27945.12516350198
855,444789.4414887993,0.3969203919441835,41440.72506025193
856,466733.6999477965,3.1544409489022875,45400.79119562667
857,740770.2666241238,-0.43142994346592456,76143.45088954865
858,62452.58555758861,3.6605242060996313,6489.405493024533
859,71170.67225225695,2.430146141031467,9854.502210396431
860,337735.54459400935,2.9191471233089255,23833.968881924186
861,33175.6383460254,2.462288751757203,8155.127123215014
862,318115.74551236746,3.219268606615013,22418.914475382393
863,434719.6304188182,0.9694293242821987,35861.77183337378
864,468630.4358747456,2.581006946998035,48168.51078900567
865,296351.58849206124,3.3016772173462607,27347.094845045125
866,411371.53745298565,3.8734113726261215,48746.61329286787
867,231042.57856805096,1.309143441798187,17095.336311737916
868,232273.64320287324,1.8371175006015132,15756.224775679566
869,352634.46329348267,2.0640515338911642,40053.381835922875
870,142983.48135878704,-1.0196838310263256,16821.938863265423
871,439296.91089372785,1.4190475277614079,36547.76616243806
872,247474.6797490118,2.771477866626597,20764.62133779528
873,-91043.7066852306,1.127034989272933,2595.5983063890526
874,204817.7386648254,1.5604441447541246,26535.18757536608
875,120531.63198028918,2.4173020991597003,-3515.0929486225978
876,205064.50718924333,3.267385998415707,29111.39242701118
877,256594.2774221812,1.4221139943330896,27485.875922862288
878,13640.169984668959,1.275212728601364,1129.8324537378685
879,77843.18462377749,1.8384160316540243,1924.65816029298
880,14958.391285521502,-0.02645855670205055,-15670.281377063991
881,388046.3724198146,-0.17716393108587525,40259.84677742822
882,32405.06322108835,0.7290257160627807,-6713.552017161583
883,628919.770682967,1.5276914900233511,59927.79362514212
884,13640.16998466893,1.2752127286013648,1129.8324537378649
885,104458.786214005,3.241105828934023,11232.299357539052
886,784286.8167784539,0.5109983896329648,75287.37406474855
887,446228.88258239336,2.596033530150631,46240.31055821909
888,144146.19894591346,5.717013932055526,14325.195333447093
889,126198.6008161219,0.7139024463611703,19651.322935463013
890,281235.513197917,-0.05522798368658943,38576.59315219853
891,170396.34772316908,3.5766358654849597,706.6755758708714
892,104161.6565414606,0.7270375035332552,-3032.988167872416
893,273530.5622289067,3.2138165410135855,25090.945990918975
894,337776.7075657501,0.9896433540247696,45979.43922005923
895,193693.28086089503,2.808892469753771,23717.350780775807
896,389450.24457152106,2.5944789365367438,45502.007445060066
897,83281.48628709419,1.7727613330058611,-2808.1681136474217
898,689322.6610285898,3.3760683444430937,72040.41619429449
899,215913.1169844652,0.9883494837405333,22865.470567509437
900,-32810.90475689329,0.42974384377398067,-5345.581549094888
901,306769.47339622065,1.8726423055006567,26334.836831003882
902,301349.6049028424,1.2353690992843518,18318.533201696424
903,354129.2537093238,4.345678773878872,31065.746090361954
904,309120.53442956915,1.6415373988557471,21178.980916994893
905,305552.0018708913,2.874832526784587,19623.570347644003
906,-132821.61420535634,2.7739074277061757,-6164.751794835382
907,101810.47661732059,2.5866711670271894,-460.52884684461606
908,205538.89320137596,1.1474937129310483,21227.60550833471
909,290729.9522442294,2.0047442344335016,21849.600166465723
910,-48706.40915909369,2.6320333357431407,5488.772003544733
911,112823.965571445,2.974095095826637,21885.993755719417
912,510321.88068599824,2.542255256651263,38972.58309302945
913,181724.12160739664,1.397104252691162,16259.632030832334
914,350051.3385135831,-0.14502132036013826,38560.4716902468
915,648481.203865672,3.2306965966069825,68065.53231293985
916,447475.79043157905,1.2650352505849947,8009.1241402682645
917,1808.9967294755334,0.1956827453959633,-1187.3413290420067
918,660115.4165118258,2.316944028857364,70029.76147368408
919,491516.3178503636,3.305749092996681,49776.084753648276
920,198838.98525926168,2.410685471438033,18183.82717223874
921,688348.9662834364,2.5676829343717005,64029.70217613726
922,296351.58849206124,3.3016772173462603,27347.094845045125
923,-58255.52188860654,-0.36279765449004486,4558.928842043033
924,304534.56925228704,2.443265061384288,16401.676698608244
925,403928.4499565278,2.7318784463091417,41807.77820259472
926,42812.73589027542,5.1065023155699025,10373.24048126374
927,524491.0989165371,4.854293519275224,50715.00877064992
928,29855.387327286473,3.056573690509113,7242.465276412948
929,386221.2670767371,-1.1583439545315368,31919.995906252094
930,401176.4254291877,0.26871009979860094,41142.365753973485
931,420360.595993237,0.560866365610317,33182.230609337916
932,417302.88955803256,1.207141815708705,39128.40808526262
933,414197.1033892581,-0.10611457635247135,38290.3670531636
934,247647.76650505586,1.1764292648428691,16550.126547153453
935,131017.72113408445,3.6457954826129204,1550.1258737657954
936,494715.13538718445,2.1108587196845994,38050.85523317581
937,151896.69839929492,6.309252524079075,17719.925986770446
938,127707.90036665746,2.9977497979792833,6146.426684786447
939,88636.68573449663,2.517615080813811,3445.7725457315846
940,388397.5222501893,-1.103276210050403,31926.921971356973
941,431799.94981884037,2.783815451587081,46792.44638790842
942,-3579.270616325055,3.6301416613456325,9670.067672972122
943,171681.70610800912,1.2981515358996356,21654.301190153616
944,1808.9967294755625,0.19568274539596242,-1187.3413290420012
945,220521.8108030982,2.8528153297277763,19262.870796264993
946,213576.56508581128,1.2216745020158442,23504.065976402766
947,-61134.16250771738,0.33393474692960723,-12059.596585143045
948,116900.54606856217,4.721337084231514,14433.685316732131
949,12251.348009820038,1.8009940735202763,8666.697862467858
950,276923.138519075,4.000009137743428,26776.955400099003
951,102485.66213555782,1.770876651390918,5622.147426112873
952,207645.44568002876,1.0634503186554838,24910.907924240473
953,-85688.82736546482,2.5834903689686737,856.6831740646139
954,135729.41670430236,3.7670955956671524,-624.3537749832758
955,60728.32097191244,0.8248348129071523,0.46301888657217205
956,353959.30786901084,1.9463246649980301,39731.171048008844
957,501769.1081515348,2.5459994292459953,38776.058445548464
958,194015.13190310638,-0.48133060456778676,15366.327288605047
959,230691.42873767632,2.2352557207627157,25428.26111780918
960,-4863.515642045008,0.7874128547734056,6742.50272106145
961,-53130.837416402996,-0.867333905279204,10023.524592973536
962,52213.596746247786,0.09135796363157755,16574.29892541429
963,-43248.723730915284,3.0807790013709004,4733.2776966399615
964,-2567.5632931992295,3.5145435119634563,9353.683051992815
965,501905.05076814746,3.14882497543657,46896.68930770735
966,114589.37979631897,3.958657476876195,8754.914935771909
967,475344.8383811969,1.1475701864178367,38874.63156185173
968,164773.20877518508,1.2317103512292897,20588.425874910106
969,30489.511814540892,1.9963816304389113,5234.096855043579
970,187229.95988263102,4.919984483088026,7732.118469623336
971,117183.90021971811,-2.0168454647242573,10458.49378145879
972,502902.05331340653,3.766462733289021,50652.865894768
973,299023.01024567895,4.50082024589918,34340.68632125652
974,45661.26159010343,1.7213307973818512,10448.493136978153
975,-18670.71962193848,2.3853641438344084,7113.103289607103
976,173369.97850374403,-0.5231295288119133,15083.343061920059
977,373599.15753632394,0.5003465555277593,35847.33605976963
978,324175.54578197934,5.5885822537308485,38541.34193073099
979,292296.8795115977,3.330314909592198,29537.095733909187
980,342689.8998837203,2.1227296879021083,17455.53031179145
981,412940.96426381747,1.0496178233830467,45307.21270815217
982,39813.472106388566,4.642723913762568,7458.036380027024
983,184430.2987245525,0.7171547478452727,13881.77290422277
984,168452.48811430467,1.9141311692236194,19922.422973584104
985,235053.5496750636,1.6573236942233445,19694.155791995334
986,104056.03349945933,1.9502890384027918,15269.369453360301
987,256579.05687350538,3.6024075523205417,23120.88204212309
988,284673.6379724564,4.592247729766976,30171.686053422356
989,181571.60120783283,0.39923857755788195,23612.792515472298
990,10887.674725200166,2.518376180455612,790.8332041462636
991,466912.2787929361,2.376319620968662,49719.91626897638
992,59413.78167442506,3.189585727130316,920.1951909521013
993,-21663.012094599602,2.320428075427867,5889.7659047429515
994,242205.42843762762,0.09649789105700446,16350.68092394777
995,72469.55200643663,1.796490188710541,8419.847404161832
996,318466.8953427422,2.2931563276504825,14085.989669311144
997,148217.1111494071,2.4367231760328343,-1691.2199506874567
998,184741.8607794107,2.340370446892444,25768.497220424073
999,330335.71610954305,1.0713684029757786,39108.60243055596
