address,predicted_label,predicted_probability,actual_label
0xd0baaf0506898c98b14b675f2ff272e9621fe5a9,0,0.3448276,0
0x20c1506cfa7cdea892a75050cd933c8ee0b8a285,0,0.3448276,0
0xcbdafaff7cbc3bec8b5981c489ac0555e5194772,0,0.3448276,1
0x227d4ca3b363cea6fb5fb6195f8f3f6f547e69fc,0,0.3448276,0
0x54349f661f81f03a34e445151c124d2d3a3e4493,0,0.3448276,0
0xbd0fac4ceee2cc5ed676311a30130a37d0c8c333,0,0.3448276,0
0x1a46f7486663c036078b4778b7218510111f7dc3,0,0.3448276,0
0xee9c55e56ef0a3a38ea76c41b23cf5fe7f84dffc,0,0.3448276,0
0x3555b4f83335f1e6c7eca16df523c57b6db9e811,0,0.3448276,0
0xbe8b5f8e7ddefbf7f141eedb900af9a85e67517c,0,0.3448276,1
0x5e761befebd69f50e34521ff8eac64c988ef7ad8,0,0.3448276,0
0x8297f38ebaa1a92702dac88addfd59d964c5d600,0,0.3448276,0
0x39915f695b6faa3c8d716449d88085b5ed009e9f,0,0.3448276,0
0x75f79cfb1c3ed72eb1ed858e33636520a810126a,0,0.3448276,0
0x336277d731b6bd9266e6421e34bf93fc2f24acaf,0,0.3448276,0
0x9115988f3243e0efd3db565c9c4e30d4636e4ad0,0,0.3448276,0
0xdce37c04416187e4ae4198a8d6825eff35ef2ec2,0,0.3448276,0
0xe266d3f78d2105940762cb2694a2243350e23810,0,0.3448276,0
0xce5c3b6546cafc4f35a6d9deabb2fbd263fb40dc,0,0.3448276,1
0x408db64ace655b46a76fd36821929e9ee21b8c2c,0,0.3448276,0
0xcb265e28e225e2490e1583c9588bda0a94290e22,0,0.3448276,0
0xfda5a05154f1d41b2889ffb8398d5c1c1149f19c,0,0.3448276,1
0xda6640fef7d27fc8127165b47530b7a472baa5b1,0,0.3448276,0
0x9277ab1597ad160b699687051e3102a1de8c37e9,0,0.3448276,0
0x3e964287a08ea60b6445ecee56158e4a1fe0b306,0,0.3448276,0
0xe9c4954d60ca211f5d53dfa669e897e262382b59,0,0.3448276,1
0xc3aae32a111072a9a8901159d464fc8ee84a62b8,0,0.3448276,1
0x56d2bfb0c7a76f02275617441005b628c460d7a0,0,0.3448276,0
0x769700256615382cbee8c2b92b96b64cf2fb077c,0,0.3448276,1
0xdbea01655df76943eaad1b5e211b53f8a3eef60c,0,0.3448276,1
0x2ad34528ed50c0e0fb0ee7017697685cf8449d5c,0,0.3448276,0
0xd8ace21758ef92937749409c963cc1d535d1b73d,0,0.3448276,1
0xaa829d11250bffca01b64ab8b0bb17e3028562dc,0,0.3448276,1
0xadd34b122aa8220cd20176b6518bdb557c15c175,0,0.3448276,1
0x6244901b0901c1952d76aaacf97772c28be41ada,0,0.3448276,1
0x2a8e1c29632068c1a3e48f29da74f086ca2483d9,0,0.3448276,1
0xb9ed431213da50d0fe723435e7a675d73c43976f,0,0.3448276,0
0x97fbc6bc0d3a70f17ec83ab9cf9d6838328b47c5,0,0.32825541,0
0x25f2f0c6e793d67161454d19b303a9523c980822,0,0.31825086,1
0xeaf44610df976ef3ecd15de4059839767cd6a519,0,0.28813693,1
0x92792444e44cfd970a7bc7182ba1387f01caed18,0,0.2852966,0
0xd92cbcabb1e10ffaa877625ea8086db88ba94732,0,0.24043716,0
0x5855fd9af7f23ea44bf35cfa71442cd8da74c6fb,0,0.24043716,0
0x0b52c77f98ad4a2456b45357c95d7baccfdf2494,0,0.24043716,0
0x5268527977f700f9bf9b6d5cd843859e4e70135d,0,0.24043716,1
0x8d678d145c742b9346520060e84fa0b7ae539fff,0,0.24043716,0
0x4804c2bcfd8d1b38d6633bd0ac8279936a21c76c,0,0.24043716,0
0x8326bf41e0f938d4e483c86984fe9b8ff19b3556,0,0.24043716,0
0x60d8409b3c6a0ba25fd7eeb1dd41bec723d6f2a6,0,0.24043716,1
0xe90c049638bc40aa023b20a8630ea5972c1b0723,0,0.24043716,0
0xb5ff7960cae82b2dee1d0bb7de216cc915123fcd,0,0.24043716,0
0xc9d9fd1d03c6371adca5918f14ca944bc8d607e7,0,0.24043716,1
0xe702087ccd0593e11534ce28cb5193876710ba95,0,0.24043716,1
0x4dd4246ac50128b7bc92dea4de3e904cf166d1a4,0,0.24043716,1
0xf6f5d5131371bc77cc8dd2970affbc591b7a31d5,0,0.24043716,0
0x7d8358cd4490ed3c7779152a4b5cbbed634b1448,0,0.24043716,0
0x4843a1de207f84c238ba8f21945fd0049a18e73d,0,0.24043716,0
0xbc65f26b3639d32ec317f445c382f3cdc7be0e72,0,0.24043716,0
0x0bccbb75c829177c0ae1b91ad4d7740cb05c431b,0,0.24043716,0
0x91958eeb0c90c87a3ad4b8266392f05b22ce3c98,0,0.24043716,1
0x644ae3f0a928d3acf24d21ef3f7b0e0afcc08caf,0,0.24043716,0
0xee11507ed80f1f68169e316c680c41e0fe0e19a9,0,0.24043716,0
0x5a4b16e0f6c15e1a385e5ee0df588871d514fccc,0,0.24043716,0
0x8d1d760be309f00168f5bf8b256330028a4b748c,0,0.24043716,0
0x64a7d862a0f65dcb0a37fc2e28d55d0a800b3d46,0,0.24043716,0
0xa03cbe47d518c3a9c067a8d87fc4e5fd05afd624,0,0.24043716,0
0x4280876cd23c60858fd12842403943f85f5d8381,0,0.24043716,0
0xe0bebb65005e1f42ca5cc1a664b64a36e68617fa,0,0.24043716,0
0xf69363e073ae9d0ffbdf7350b8c2024248f6995e,0,0.24043716,0
0x82153db38bb419ab48a55cb0f471ed7ffb701279,0,0.24043716,0
0x38284290c670e58ffc74e234cde79db497c37c15,0,0.24043716,0
0x92126b525ae2e92cd52f5f53011e3bbd41d54040,0,0.24043716,1
0x7e4bd2388cd26882dc57c9d943e7d63e35aeac6b,0,0.24043716,0
0x8316622f443ec9af36a5ce123b63da29bfebfca5,0,0.24043716,0
0x2d70d17da20f1305a36c33ed00b4b071bd9f5b05,0,0.24043716,0
0x3f2346ca4166352cb2e79c493872eb2055c54761,0,0.24043716,1
0xbe973a3ab4752d29719f856823a218733a316347,0,0.24043716,1
0x4ba23b440ebfb02cc82022f0b2e7ebfe429f8f7c,0,0.24043716,1
0x680602dec846848db86b908b164f82a1ee473d95,0,0.24043716,1
0xef17f80cc9a06ee4e57bc287bbaada7a620596bf,0,0.24043716,0
0xcafe52d55974191d47f1cee5243065244f827c2b,0,0.24043716,0
0xc5fb33fbf8f31c8d28de3c6a55a87803ae6e9995,0,0.24043716,0
0xeacdc6ca2ec4e9bf90e1e7d23676d0074ae3aaba,0,0.24043716,0
0xd9c4427c07915c6dbeb2b98f3e82fad25c21db17,0,0.24043716,0
0xef17126fb0002126b69e279ba4aaab5205e4e3f2,0,0.24043716,1
0x6975866ac0f5643609f13b3e70451c3983864f97,0,0.24043716,0
0xe867074d9c47932c34bf3c3dd136ee0c31674e6e,0,0.24043716,0
0x6bfcb1c36270e231dbcb47d1f6c6aa2535ce6658,0,0.24043716,0
0x84e112aceefe50b23ee021588ea50febecde35b5,0,0.24043716,0
0xc1f2abc414b770e93226372a6fc7f42b52d149ea,0,0.24043716,0
0xbdfa87583b538dc01e91d829a6c1649eacffa2c0,0,0.24043716,0
0xf81ac01fc933a29500f1b2b55edb251ce2f6eba3,0,0.24043716,0
0xd1fb963adde3e8c1c3ea257fbf43db797b5feb93,0,0.24043716,0
0xac2828bf9c208c4cb144f2c00ebd5d89c48ff2d4,0,0.24043716,0
0xeb76605cfdf6368326e98bca177399dd620a2b22,0,0.24043716,1
0x57daa0f8c21a7a55663daf561e3ef2ec006833dc,0,0.24043716,0
0x5e10bea5b234d7d8f992c6044986c23da35570f4,0,0.24043716,0
0x31a4fdd9d0a4e5bf9a287a73d4093892c634b9ac,0,0.24043716,1
0x9e7a007cb4f07f63a8115532eb9c3ef62e9d3e5d,0,0.24043716,1
0x167e4de19e628af2ce5c69ecf55380e88f8a773b,0,0.24043716,0
0x22c993352963f488400eac368f0c0e1374791ba6,0,0.24043716,0
0xf0a8c7ad68b652e4168fead2dc812df7a4fce346,0,0.24043716,0
0xf4748da7a58650b3327b007a8fdef0b27fc92775,0,0.24043716,0
0xc2f6eceec8bce3426c15405ca0763730cd542aac,0,0.24043716,0
0xb24a639cec63bb652fe35402e2aa63db7cf7b9ba,0,0.24043716,1
0xea91e11a1528683fab04fbb015c176db06a60b91,0,0.24043716,1
0x00b969194f02f57142554eaf9db142850e0ec25c,0,0.24043716,0
0xeb90bca9ddb8e8301a5ec649e1dea3742c0e9c42,0,0.24043716,1
0x1ed5f5c3ac5ada71a8493bd8bfeae109a5602aa3,0,0.24043716,1
0x6006c4983fecfa6536f02c2caa64243bcf9b0e0e,0,0.24043716,0
0x0490ac47104c6c46a59a760c9cb9b5851135cec7,0,0.24043716,0
0xffe2d5a69ac6a160ce578a7df859cd2be6570ee7,0,0.24043716,0
0x978c1b6261015fb5a124f2469f924a907c339d92,0,0.24043716,0
0x640423be3190403d6c66f60028d9d16eba05689a,0,0.24043716,1
0xc16b538f4274467c8c5c90c4e93b79c995c4a93d,0,0.24043716,1
0x4a725c77fb804acab2615ed9369816b1ecb39d77,0,0.24043716,0
0x82371fc651ed65e82367889363bfd616c099cd67,0,0.24043716,0
0x9b72b3c4a2ec8ec1b6467ee593ad3b910b17a958,0,0.24043716,0
0xa8669595142e86111e391914855469e4be62ae65,0,0.24043716,0
0x239ee351fa1732b0517d205eba222c09706365d3,0,0.24043716,0
0xc1a7c0de6f68c8a5f7b9254e9f19cc541425f77f,0,0.24043716,1
0x3533ad7f71a31e0a79922ba1e721da7bb60d17c8,0,0.24043716,0
0xae3b046ed72c2639f30495f48cd726241a7c38b5,0,0.24043716,0
0x6d4dc60db9c79af71a272ac57129e5a637eca8b5,0,0.24043716,0
0x377cd1cbafdbb17c017b48ba8444bab65e1ab867,0,0.24043716,0
0xeaf86a9f6e15942e1e09118457a09f2d22c2d3eb,0,0.24043716,0
0xb3d709c0118b4925318abf0c7d5d0699ebc3e878,0,0.24043716,0
0x5b86c18b36c0f3a4167a71ba0546eb6e792797c9,0,0.24043716,0
0x5912334a637c944813b70b091a3996612817fb3f,0,0.24043716,0
0x666267ee698737bd426c0a4d8dacd0b1629a8a73,0,0.24043716,0
0x6e05d718639818ff7ba8a2aea41fb4c9112e00be,0,0.24043716,0
0x79a272838fb03b6230e8c54ebd5c4ac2dcef8d12,0,0.24043716,0
0x3358f6086cba204c8e94d92c2cde9e9f6d7bfc36,0,0.24043716,0
0x7fd7c90a7cb279ecaff9e4aa1b7baa2de4d1ea48,0,0.24043716,0
0x4374833a7a52c2b8545ef1da3dcf5d3300b93d05,0,0.24043716,0
0x1c4cf35a5d546b84c488e14b3247f57c0dd69f95,0,0.24043716,0
0xc68312ac6179fe14c2502103a5864aa853ef7483,0,0.24043716,0
0x0f3dfb42073194c296ca78460f6a0517af844ab3,0,0.24043716,0
0x29fd798321942ce9e6fb479860ff28f071e980fc,0,0.24043716,0
0xbaf066349c4f9b639aa3a7271421386414633d3f,0,0.24043716,1
0x31f09dcf03f04aaff81e74dc88b95e02dd2b6000,0,0.24043716,0
0x9a4729db10b4dfc97c05497414251abc136a35fb,0,0.24043716,0
0x77357b4fcc685e5ba9e67b7ba00f8ae059c34740,0,0.24043716,1
0x8fdcf8bbee10d4c8e8b238cdcc82501afaec2234,0,0.24043716,0
0x606856f0077a11b5e03fff96eeb899108a3d3342,0,0.24043716,1
0xe0ae9bd1dec09d84e3bc5d77e2f1cd21751d5efb,0,0.24043716,1
0xd5c852089d5c3699f2986cf25e84b4ab72c505e8,0,0.24043716,0
0x8cb2d43b398002335d4c2ea37b6e851afa0f9d36,0,0.24043716,0
0xa9c19119393aba971d56ea1c6d77dad13e6bbe67,0,0.24043716,0
0x0f5ba96612f55561e20f75465f15cc33fcf1a918,0,0.24043716,0
0x32fcbb19a892e77e72f32342336966819a690578,0,0.24043716,1
0x8b54f871bd3710a6870e783b82bdaf876c792f95,0,0.24043716,0
0xa2fef365605c821d9e8a9e5f901ba7af0a8bfa46,0,0.24043716,0
0x81daa3682f1fc55be4a2e0c9f3e1955bc8ab80af,0,0.24043716,1
0x8804c146ba1bd44827956bfb5a2ee0ccca2a5f52,0,0.24043716,0
0x4e1322e22e12f14d9a239f1909afe8042080b20b,0,0.24043716,0
0xc46e1b1753ef0adf35483e042cecc0b743679ed8,0,0.24043716,0
0x9152cc05745487aef6281255f659940fe18609a2,0,0.24043716,0
0xb21eeb23957fc7163b04e4d2e8987536bbce0608,0,0.24043716,0
0x60bbe8250aeadf4636dde076086f85617375d7d0,0,0.24043716,0
0x007495d41d6f357656b4557ed5ee4de39080a982,0,0.24043716,0
0x07a7654d2ef12a6cf9482cdf09ceb5ca3d1b8556,0,0.24043716,0
0xb1e0dc7e8cdc57920ac9135959cd6643c0b0d60c,0,0.24043716,0
0x91c80933f19149f08f563c7e4df9df8707d73ba8,0,0.24043716,0
0xbe0e81a0383224370ed3b127190fbbd8fa86673e,0,0.24043716,1
0xca14e95efd319a2b351441a07cd79b22a5f13b5a,0,0.24043716,1
0xd9bc9d06c430f2672f9008fd9ab1a9791a09ede7,0,0.24043716,0
0xebcfded32fc93d663cd9085c363eaad4f2d7086a,0,0.24043716,0
0xc23bca88a72f44757ef025964248d1a8bf6becb1,0,0.24043716,1
0x3c76d0ea9d95e8047453ba1a747732e17ba107d8,0,0.24043716,0
0xdf55e862b9659d64bf7303a5b835ff055e771d21,0,0.24043716,0
0x9c491be55608956b656811c52443150db3f09af1,0,0.24043716,0
0x11d7deb5f2e5b6b58bb1f552b1a340a8c9f56839,0,0.24043716,0
0x35a0c2df3a106685c5d7c1e0b68b4751ecb0a8f6,0,0.24043716,0
0x32f0a02881f6b2422cf62756889b43a4c338a26c,0,0.24043716,0
0x76894656e681bc30647f8c828d764b1670248ffe,0,0.24043716,0
0xcb7611b7662308e66dc38ffaef9f04bf2713f7c1,0,0.24043716,1
0x500c45a365bccd3cfb7e125768d0d970966b0a6f,0,0.24043716,0
0x412b16e3e355f6a0078907f591c4e1076fdac0dc,0,0.24043716,1
0x2301dc6a50dff4e419983c2d76ec4964f56561b8,0,0.24043716,0
0x00801f54a51ea01082db741f652428bc2945923c,0,0.24043716,0
0x0b4253d80ac40f022958a31904aa8ce11138cb85,0,0.24043716,1
0x90e265a3e1cc924d52143fe7aba48ecc562ea587,0,0.24043716,1
0x16e7319699152bc03a463b560c96525920472a72,0,0.24043716,0
0xdc0bc4b2a0124fd2ab2bcb8da6f8efaee917904b,0,0.24043716,0
0x670b446416bdcae392d2f99e4ac4b33af26fd4ce,0,0.24043716,1
0xaaa256e02ba17b17bf6cc47501153eaea7531899,0,0.24043716,0
0xcdcbc2d61d43659fd32d8aa1ca1a64489cc4397e,0,0.24043716,0
0xe949f18551192cc75db5a39a4ffb4060c5772e4f,0,0.24043716,1
0x97f1e694de7116150e1e831b96c4fd72a9cc6ca0,0,0.24043716,1
0xfad854344fab34fba8faffa6a24bb4f641df8132,0,0.24043716,0
0x673c56a8cded18a891e48fd58a5a8b450b60d452,0,0.24043716,1
0x41e7f68080b3808027efad69870c3f46f629f749,0,0.24043716,0
0x77083282613acf56201e204282caa95e60ee42cb,0,0.24043716,1
0xace69a8e97c9c818e6dd47aa9cfe00e939647477,0,0.24043716,1
0xb828e4ffcfe0d63eefa4105eb828571527b10756,0,0.24043716,1
0x7f7a98fd2a04d7868a53283675e23c29f6e5ba3b,0,0.24043716,1
0x3c6123b01b605b70353ec651fae810ca3469419d,0,0.24043716,1
0x1a561cdee16a7a263231aacc9ee50447ea6cf475,0,0.24043716,0
0x58de2bafd0e6db8f9aea71116e31e994122102c3,0,0.24043716,0
0x3f0dde5f4bdb5cf7c5577bc7c81605f7cd715781,0,0.24043716,0
0x5e89a8f3cb7f6d8fea7f1e98aa41f1bdee57dd8e,0,0.24043716,1
0xe62983eecb69e1c382b27ef0512dfc46381cc60c,0,0.24043716,0
0x9c1984a7dea9b01e6c7e95b78cfd68147179a0ca,0,0.24043716,0
0xc1978537801c1722aa4a7aa33f1cc594b8594f42,0,0.24043716,1
0x053f319e8f0d67f3eb461727f7461f2cb8601c5c,0,0.24043716,0
0x63b0ac2b478f034aa15b5e13a66c6c6797406b88,0,0.24043716,0
0x897536dd4b7c2f834b702f234c34029b346720a4,0,0.23056328,1
0x482e5699184ca750f67bfcbcf43f4b2a9d5e75c0,0,0.2056239,0
0x78f8d3ac369b8877c254af75888c86aea79bb501,0,0.2056239,1
0x40134bc0835d5c480524e51b3d55b01d700b4281,0,0.2056239,0
0x959d5cd0fe570a53a9f7276d1e188ae3c3cfde65,0,0.2056239,0
0x2d21368e7e0bad73f856c816ace954b5086292e5,0,0.2056239,0
0x58d29d4d3e9a7b504aa359ab1960def12fced2df,0,0.2056239,0
0xbe3bd52cc245c4ce854ea2452cc02c62e63a22ae,0,0.2056239,0
0x6a95d162c25f68045b853f170c2618b13dce3be6,0,0.2056239,0
0x0c077cf07832e5467ce36219f78e4d9d9e432894,0,0.2056239,0
0x4c104e61febf3944fcfc05ee94551b815ffdb6a4,0,0.2056239,1
0x2a876b52b51683c5fa5eb9574b3c2e3dfe3ca55a,0,0.2056239,1
0x684e1ee9d7d82712f7b4d599479ffab6cf8d55d2,0,0.2056239,0
0xc7e03a6a15b5360585f8af39439807252dd347ee,0,0.2056239,0
0xb026083ba56c963dce24ed8d7aac040328489c7b,0,0.2056239,0
0xe3e3939bbca17c9b93ad571b0d4900628ac53d1c,0,0.2056239,0
0x03ebca56b77c45f95ab7d458ecb09872c132d4ba,0,0.2056239,1
0xca1b853b04d4990b6469c1eddc781f701e9aca65,0,0.2056239,1
0xfcbabaf22e329a7d29829383acd1471ee92ddffa,0,0.2056239,0
0x79fbf77763e2a33e67817bef42ae5ab36fb1693b,0,0.2056239,0
0x7da3120832d384142c8bf1da27f8b6162cd944d6,0,0.2056239,1
0x0d5f3020b3da232af2a29e0fe499e45e2a3a1171,0,0.2056239,0
0x3f85e5e67e580dd0dc741b9094962559ff9f9788,0,0.2056239,0
0xe19012ffb5b3c50440a645e525cf925402d71428,0,0.2056239,0
0x588964e53331dd9e0ef8d053bd653a8b9899d1d4,0,0.2056239,0
0x2667588f66a4a4be83dd5df381b0f7df80260a3a,0,0.2056239,0
0x229063db396798d2e79ee625c6d69d1175687e5f,0,0.2056239,0
0xa434028bf2e14de9965d6948cacaf82e0714e508,0,0.2056239,0
0xc11c44469a75d00b86e26912482e24498c89b9b2,0,0.2056239,0
0x02b1b40daa23b1e6846c7d12e4cf47b0c338d76c,0,0.2056239,0
0x01cafddb618909d3dffff00f5e62128f21b33520,0,0.2056239,0
0xd60ab2cfd5e9ebd494af6e3c36fa4e8fe704d0d0,0,0.2056239,0
0xd1967c3343f627a8a7faa5d0098572b9c185dcc2,0,0.2056239,1
0xa636a46baae94f2edc8c79c7bf3645698b46dfe9,0,0.2056239,0
0xd34525fb8e5151b0d7fab3391371937a0eb0785b,0,0.2056239,0
0x05406a899c161547f7a60beeda4d2b72bc96a9cc,0,0.2056239,0
0x468d19995331e4849e0d36331c56fcad8920bb98,0,0.2056239,1
0xbae213337376e1b9bb3baef1744185bf30812a8d,0,0.2056239,1
0x9e5cb4fdc08dd75ba599174fcd5365327c7e42c1,0,0.2056239,1
0xd8fa2b263e2bc7e9017e9f3a1e492a978ffa3b36,0,0.2056239,0
0x48a0b3a74a2b9a3bbe3fe00ffb79fef37538f156,0,0.2056239,0
0x102002248430deca77818abed5c2dec8daa7580e,0,0.2056239,1
0x4c6e97bf8f7c91f774d562cf711c4d1001855fcd,0,0.2056239,0
0xbd1c71ad1340fff80695004f7276016bdc4b9bb3,0,0.2056239,0
0x89544aeb0ae2580d35e8285b2a011c012992b546,0,0.2056239,0
0xb66796cc50010213a4520dfc8847d7bad829ec88,0,0.2056239,0
0x316ea993dacd813c6775785252d42647aad3b55d,0,0.2056239,0
0xc746a048fed9c456ce821baa11022ec1f1344992,0,0.2056239,1
0xb590ce9c386f3798d38d5b45b2c61d18b35d63aa,0,0.2056239,1
0x1dddb7acaac17fcf36ab1b0c097dcbf8866551c6,0,0.2056239,0
0x7416a14cc8a132bcf5629120c082395c23c06dba,0,0.2056239,0
0x8fab4458c3e40f2e754cf48b669d11e9755119d1,0,0.2056239,0
0xc118d991a0d0e511dbe6a88c9a59d2cab99a18e2,0,0.2056239,1
0x2ff70c7e4021964e80b6edbfccb4cc975149bf32,0,0.2056239,1
0x40cc3feb8acaab0aa7fbd5dc7e2eb5f2f8fc1be7,0,0.2056239,0
0x2b358a81a9aa4904fad6981ae9ad62e52fe10bfe,0,0.2056239,0
0x5014302fbf9600fa0d522456259a27ab24b9b392,0,0.2056239,0
0x0a6e22dd6dc293f8578760552cec4809d4831f7f,0,0.2056239,0
0xee00fc56068b357b768815fcd860128edf673251,0,0.2056239,1
0xfa65bcd3fa285f93409eee1a358c37e2b5f918a8,0,0.2056239,0
0xfd557e6db670c9704bc1d0d8e8b585c7d9c9f905,0,0.2056239,0
0xd97eb8a15bd20e1a59a4634a80f019f13f46a270,0,0.2056239,0
0xcf3b71a2714c8ee7d62e1dbd817a701784f53102,0,0.2056239,0
0xc32ac51b1e82cbc4b562bbf5a9005a7b1a1df2bb,0,0.2056239,0
0xdaf9262e6a7c658d171ce68e3ba87da121d0dba5,0,0.2056239,0
0xe1f880e3f4ef92e6eafb62f31ae1ed4cfc94e72e,0,0.2056239,1
0xf2918c98aa80595b7d08f18966a9597e99e664ff,0,0.2056239,0
0x3d418755443a1a25ffc3d7ba1fcd6e544a4831de,0,0.2056239,0
0x6c5fb5a950d6f1cd1c2cc90058f489fde66048a7,0,0.2056239,0
0x0298394429afb697121db357282d7962f9b09ed5,0,0.2056239,0
0x3b588c576aa0d2616b0b742970bb777198565e84,0,0.2056239,0
0x9c19827bfecf3563e696bae5619ba7327b1a0685,0,0.2056239,0
0x5f5ac21374790bf6450c25c0ea1a3a02b1e2bc49,0,0.2056239,0
0xe9dedad4a2084ac8174e0f1dc5747cfc1be22898,0,0.2056239,0
0xb5e0e050f0263dbf25a30060b096c62b687f903e,0,0.2056239,0
0xb25e8111a4db102d8efacd63bfd2fdc3e4b0bef6,0,0.2056239,1
0xe97942c6c93db41ebdb75df6a5828da802607ca4,0,0.2056239,0
0x8a11b6b6e1a8503709cb444a1589022679387373,0,0.2056239,0
0x33adc42609e3dbd2234bc869d663b29f0e3e2c7d,0,0.2056239,0
0xd54a8ea5bfcd86ff7f782d5b118b06d0728e2bed,0,0.2056239,0
0x929aa363802a630303779aeab7bf0d5ce7485f88,0,0.2056239,0
0x0a9e7e8c678895c27a9316709f5f6408203b03de,0,0.2056239,0
0x43f290c1f03ea2febc70a7803abdf59a7292e2dc,0,0.2056239,0
0x169ec69b2d0bc6fb5bd7ab414218092f849cde26,0,0.2056239,0
0x608c378ef4af996c5238e38f13646f098d994f52,0,0.2056239,0
0xd64e29096f785ca287fe0895bb7ab07f0a9842b9,0,0.2056239,0
0x08bf40defef7c5dd0dc4ddfeaf7b3f375823df57,0,0.2056239,0
0x55794791d0b17b6c4a7c80bd00636a50e9ad154d,0,0.2056239,1
0x5b7f1c02c5d312dd28db2ad6c340aa258c4801b0,0,0.2056239,0
0xdf455e3a99e659153c4a78f7adfbcfc0de19e161,0,0.2056239,0
0xee6e26190cf496c8e38a66572bcb764a05684899,0,0.2056239,0
0xe39be290fb241ad85b85617e59d2a613b173b2ac,0,0.2056239,0
0x9418b80b891c82d23ba80ac48b4d91a781f5c131,0,0.2056239,0
0x147cca5d16b3a0352d1b2e5f1292f400ed87fb98,0,0.2056239,0
0x9f9e9511af48079ecf57872974d2605aeb8e7fd8,0,0.2056239,1
0xdaee998426ebc81d0a15d7c13b2bdddaf8e18559,0,0.2056239,0
0x9aff88207de0bb90ec71090c689baed02b6f45fb,0,0.2056239,0
0x0810ddd7a096dc33c24ba590672eb00626669c66,0,0.2056239,1
0x82e8b08647cb1dde922cdf4ff503d390ad6d200b,0,0.2056239,0
0xbca08c1bc204a34f2fddbe47b438b9bd42ac9705,0,0.2056239,0
0x3dc18eb37d4481f75942b99723f76cf6b882b3c9,0,0.2056239,1
0xeef3fabf4132f18cd0a7b6770812faf6a8242f9b,0,0.2056239,0
0xc5d521074e88279556836998fb2a5d2e2c1c6caa,0,0.2056239,1
0x063723db69f8009d36a39dc2342adbab7f331e31,0,0.2056239,0
0x667f0b32a31c41046131639b3b8df5d3db50ea42,0,0.2056239,0
0xcabb6ef50dd2642f21a0e6d939a315fdd4d7b9aa,0,0.2056239,0
0x6aff53a0380c2b65be43e1c929be9ad5b0947e3d,0,0.2056239,0
0x33008490d8b958ae70a2b0508d6007a08046ead7,0,0.2056239,0
0x5fb04c837b704ac19ef015b7689983faf2cb20b4,0,0.2056239,0
0x06becea62e6634287958ccaaa7f86fae9fec3280,0,0.2056239,0
0x72d927b29fe4035e2cb02bcdf4f85771b8d49efa,0,0.2056239,0
0x4a4a8f9608054da58eac4a1938bedb53d4110f29,0,0.2056239,0
0x2688a3d5ce40936cd36b02448b6651d5ba5dde0a,0,0.2056239,0
0xae2f4fd68dd278526f308613e6fb6e3d6592db23,0,0.2056239,0
0xcb8ed3b6f0261692be23312ced5b723fe953ea69,0,0.2056239,0
0xeee6487bbfdb44e6018ba0d16faf56b164dc10e9,0,0.2056239,0
0x0c81991df911df1d3b7659a43e1f2599bb3be7a7,0,0.2056239,0
0x9d57e4a413a832b73f67bf596b01673b917818dd,0,0.2056239,1
0x39625a25d33e6f05c16b26566f95940425d3bcb3,0,0.2056239,0
0x4cfd2db69a9c7a032388003f221c375f374a3d84,0,0.2056239,1
0x63bd19ec92d98b4cebfb150df81b629a67b4aff2,0,0.2056239,0
0xdcd2d6a7655a9e7b436da12bbf5f8b6f7defdae3,0,0.2056239,0
0xa07d087b4d1956aedb46966b44bee6e340fba037,0,0.2056239,1
0xe8c7abcb4c94af23776ea65be14f6b665e5e1942,0,0.2056239,1
0x94a10f5c21d3aa015cf66fa3cffecaeff0648202,0,0.2056239,0
0xe6432cef4fc47eac2171fc51a1596f025428bdd3,0,0.2056239,1
0xa60653a7d7d610c69cffd6f768262caa0c0c8273,0,0.2056239,0
0x20aaddb3169275e20efb830d66375d6cdc66e26b,0,0.2056239,0
0xb0b531df8b7827b709e67ad216aef2ba3d64cb05,0,0.2056239,1
0xb0b4a1d9a23829f2e02bbdcc5b10f4aa7f37fa63,0,0.2056239,1
0x34cc21d76c30791cf344869579b23d6e1f53d703,0,0.2056239,0
0x26ece8d649ef2d27f3d0dce9bb0af021c1019555,0,0.2056239,0
0x9e1bf27969dcf673de44d72fa2633d87b5bb3903,0,0.2056239,0
0x1587125d297cb37f7e21199fdb6dff8948d40e41,0,0.2056239,0
0x13548383ea006f8ac4259321273b6a36bebc19f7,0,0.2056239,1
0x0fcb79087ea93b3640c7e4d8718ed2468019db77,0,0.2056239,0
0x0ce14774e025af8329fd7c85ba6c0c8293766f49,0,0.2056239,0
0x5795faeffeaccb440a16daef60b026ff05cb989b,0,0.2056239,0
0xc4026e6adc657f0d62f4c7fcc77be7f7afbc185f,0,0.2056239,0
0x84d0a541047751465c7df8fdea5cfb8b1119035a,0,0.2056239,0
0xc017d0681541cc174ba4fe0980cd2fda27baa219,0,0.2056239,0
0xee34076a5aa114fbd2f2fa75ab14cb0a87b74f48,0,0.2056239,1
0xed3db164712f679a5baa0901ab44104d9d440dab,0,0.2056239,0
0x01e0d89419f3b40200ebfb322e0016e1a78cd1ce,0,0.2056239,0
0x8428101d6979dcc97de6c7474b0535ceb558b41f,0,0.2056239,1
0xac447a083f84ae83e4f58b8400617dc89caff420,0,0.2056239,1
0x89f234a918baeaf9691dbc4fa13df12999a3d85f,0,0.2056239,1
0xd9a8776841e9786255496b8bab98c804cb702885,0,0.2056239,0
0x3ca3cf5d54bc7f628b63ee9d065911571b7dec64,0,0.2056239,0
0xb340bea22b416f0d8dd040fb53624852c8fbfcfd,0,0.2056239,0
0x6cb1619a70230674c8bf1ef44ee9d670cb4b1002,0,0.2056239,1
0x2d555ff10e5ec748c00ce97f1fc5f1d636278e4b,0,0.2056239,0
0xc97b6dc8d6e292bb4495390b83fe0948c11d3516,0,0.2056239,1
0xbaf33ee47cc49d9c28b7112741d94e5e12950386,0,0.2056239,0
0xbac50a803871d688b2ea44fc84d62a6ec61d7adc,0,0.2056239,0
0xdd5ef115f801999575b03d78d0115ad8b2d59040,0,0.2056239,0
0x7b00e1c2303227e1c186f7c7064c4296773bde90,0,0.2056239,0
0x6409f8437dface31bb614f35c0220c2530b39411,0,0.2056239,1
0x7e1b851f575a44af392bd3cb3f9ae608de9b106c,0,0.2056239,0
0xee72bd4a30df02908248f7450be65aeb165fd78c,0,0.2056239,0
0x153fe09f820ec407ca7c8ad58148431e9d4ce243,0,0.2056239,0
0xe7c65c210add40c321c0da2a1d9fed4587142b25,0,0.2056239,1
0xfdf347c62cc8de86e17951e78fd53bfaac342583,0,0.2056239,0
0x6c09aebc9509c87fa527be284245ffebee2f3f91,0,0.2056239,1
0x681fe402fd79fc3455edbb1dce99ec6bf1ce02d0,0,0.2056239,0
0xe50e7c80d4949938f2ba4e811ad1482e885f45c5,0,0.2056239,0
0xae993133ac4546e78b615719460f838c10bdb7e8,0,0.2056239,0
0x4ad0b4b0d505999135b78fad66b32a2c6a41cdc2,0,0.2056239,0
0x02884fd47816dc2713f8cc11656433f2435b72fc,0,0.2056239,1
0x5add3a1e75568cf1e8f6957464ef220611200950,0,0.2056239,0
0x018fce99de6b1d1b82c7be8831ebebb7b6e87490,0,0.2056239,0
0x61dd3c385adf695ca6b62018f0fc8e5904b2cbd8,0,0.2056239,1
0x5a7f0a60c1c15d884e7efba73948bdd56245079b,0,0.2056239,0
0x89f6c1e2a13d63e2e51d5d3d77aa80427c7afed7,0,0.2056239,0
0xd31971af9117a2945e474cc96f53f1a24999ca0a,0,0.2056239,0
0xfe02975d0c63ec3fe134ade2b4734badf43f06da,0,0.2056239,0
0xd47cf8a42917e91504a50da5dcee3347da373f0e,0,0.2056239,0
0x697eeca73351a5d4a54c374079c130a911f8394a,0,0.2056239,1
0x60b972a71c96de3a541ccbb13f8da11e778233a5,0,0.2056239,0
0x9fcbdbc71ea2729c31cb21d93dc73190d259207c,0,0.2056239,0
0xaac02c4429889bca13d48db0e6c52cca36c431a1,0,0.2056239,0
0x5fa26b6853553125bd88a5533f186b52172a7ae2,0,0.2056239,0
0x1ece4ce989abf722b3a7ccb30935c47c4f02924e,0,0.2056239,0
0x9e3aa17994974d0521c28dce685181ddbdfb71c7,0,0.2056239,0
0x9a5764d9792efbbb45e2ee3c5e2f898a2fcfedd2,0,0.2056239,0
0x6fcd08b53dee17ceaafe2a2494f0a11a358358b9,0,0.2056239,0
0xfb431f9c282f09a65ccb9df84baef6db9a2c91e5,0,0.2056239,1
0xa9a0f0fbbea2b990732ac11ca64576ceeee3c7d2,0,0.2056239,0
0x096ccaca1c789276537299773628e7b4e3d0b0e6,0,0.2056239,0
0x802ec22a15b5664d8d18c10ca71fe1b62398536c,0,0.2056239,0
0x4bfa20a1dd990be087ff695dd6421cd36c69bb3d,0,0.2056239,0
0x762a8f922e949eed17345e063babd43ea1bd6ec5,0,0.2056239,0
0xd172e0514eac9221eadaa8f83a21af375fbf9a20,0,0.2056239,0
0x0b951a384a0b09ae3ff2de43e1ee2b20e58f8462,0,0.2056239,0
0x2d62e5260d4ee1d0943db12dd253333865c27267,0,0.2056239,1
0x251c1a283703beed41590b0875a8dcb8ddd1541f,0,0.2056239,0
0x7e51f512c88e87bc36b3d0b114eff7acc31c4a78,0,0.2056239,0
0x5e2ff2f8e313d2fa09882018d4cc53ccffddf9ba,0,0.2056239,1
0x9dc24be43a24f0ab7ea4b6bc60b49135bd50eddd,0,0.2056239,0
0x424619a218238939fa99131c6d4bb8bbccef0c3b,0,0.2056239,0
0xa2eded4da718244771d4f2b7810da45533de9d98,0,0.2056239,0
0x3ae606d5e8fa1355f8c85a084eee04e0925c269d,0,0.2056239,1
0xc784f33db839f10671b19f50efad9a8bbea83981,0,0.2056239,0
0xa940c4b390432b1421f46f7976174d5890312fea,0,0.2056239,0
0x8bda0ff2a5b0f51fe8bdfe5d761ae523e6849923,0,0.2056239,0
0x15640aa1fb802edbbb58d4dde3acda57813cdd88,0,0.2056239,0
0x8c331f0fc5a7e61d61e1f7bf080e3b6f3a23412e,0,0.2056239,0
0x3c9992d9decd744b2d478d3f7ded006ad89e05f6,0,0.2056239,0
0x2d174ecc46fd85e291097ec506e04fc926220f7b,0,0.2056239,0
0x1d0aaf736915c4bbb39341fe8a2c6dca3b73ea32,0,0.2056239,0
0x2f8a39a34cf6d08065909a8b23508b7b67caebf1,0,0.2056239,0
0x7536f09941e47c3dfe5afdc864f7d6a5247e57d6,0,0.2056239,0
0x1015bb260154f51e5f432cb0a3227c1619fcbac8,0,0.2056239,0
0xd86f91e59b814492dde34453e7ac338017efc07e,0,0.2056239,1
0x0e168ec4a4c01eb7c615919ab8e57a8dca97a88c,0,0.2056239,0
0xfc5efd891d181e10dd8109976db67183bc08f0c5,0,0.2056239,0
0xc7d02944a76b9f83b199e9090ecc92c82d241f8a,0,0.2056239,1
0x5d87a34114038c960e5ea85cdbf1161ff44bbd78,0,0.2056239,0
0xb6fb6a5828c52b586bcbae032388dab9d80a67b9,0,0.2056239,0
0x2ef766f1d0c4e47bbab9542cd6ab9f5ea41b4439,0,0.2056239,1
0xbe50de18a0b539b93fe99ca784f76d401231b3b0,0,0.2056239,0
0xe7cc612381beae540dc60d0319e9a2c587fe188a,0,0.2056239,0
0xb8af94836ad19f4798d74f1b62a9418edf8348d9,0,0.2056239,1
0x2f884f06eae13023f81a6b59228e9e4463eef64d,0,0.2056239,0
0x1cae7d3a98f53c11ba24df31cce4e7fc0894b725,0,0.2056239,1
0x9cf5772cf7f14a02eb9871622c684648e103dca2,0,0.2056239,0
0x26b39ed1e5157a94ce66174ba8b498ecdbc1b799,0,0.2056239,0
0x561f9f1e056b8bc57b11c9cad95dae007daae7f9,0,0.2056239,0
0xd5d0ae06d8a0abfb45bbf1b107d2fe1c7a262ae6,0,0.2056239,1
0x4cf5f0c8f1b11a43a65392aa7c3d1251d69f21c2,0,0.2056239,1
0xc145370c8badf4178b0bd76409e5412d670ba3bb,0,0.2056239,0
0x5ab79a69c718ca63cdd6893561e56463aa0a63ba,0,0.2056239,0
0xb0f5385a20f12e3fc95ba6abe1a92612b17b0787,0,0.2056239,0
0xa44087d34d42a22408bbd85f2310192e8c66920e,0,0.2056239,0
0xf61eb5ff2dcf0c5b6f8c6e06b77371d133831dcd,0,0.2056239,0
0xdaf0a33db375783bf5682a66b4d71ef89033fc36,0,0.2056239,0
0x346693cf1be00e748740e20b624e05e0a6806db5,0,0.2056239,0
0x6eace0df67e22918ed973baca5c12d99889cee56,0,0.2056239,0
0x9cc471cbcc61b50dbad93c7cf99eddfa95d0e489,0,0.2056239,0
0xdeb67712f47f1acac979dfb903b2087a4617509c,0,0.2056239,0
0x3259d98054954b49f685b8fa50cdb7976401a2af,0,0.2056239,0
0x35fa94cea579d779883afd1e7506599c5e0913b5,0,0.2056239,0
0x7ca9ec80c4e81bba2e61e1474642871fc9d09d9f,0,0.2056239,0
0xc1538f59c0bf90771d5b54ab25e35f0f18668f49,0,0.2056239,0
0x4e16a6e8baba615bbf743363836b9a9999747eb8,0,0.2056239,0
0x64cd3db856e93f69eb1c34b4165b85a65c7fc365,0,0.2056239,1
0x56148dd69cb7e0b9226ff55363f2b25ac32fa138,0,0.2056239,0
0xaa463b8723280badd42d2542ebb531bd6f0cf4f4,0,0.2056239,0
0xc4ba28ee3ca8bcd1accbd0ca704b6a16bffbf6bc,0,0.2056239,0
0x664e0e2360744feaee283d895cc13597ac233c32,0,0.2056239,1
0x0a6c99d88523d328f6a8edf7db851796dc7f7e41,0,0.2056239,0
0x508e428ed299f2ab24b02011d92487a33eb6bd20,0,0.2056239,1
0xc2e92798b57960e66e17b6d84df971a47113f977,0,0.2056239,0
0x408c91cef1119b250bd77e345b51de8b2ab48503,0,0.2056239,0
0xe51f40b6a8be52c9e2809a4dd8b5c7c9c3ab88d2,0,0.2056239,0
0xb3eaa33f1bba5c089d1143216092530786a70d2a,0,0.2056239,1
0xb60d0f82fe9845db0b0264a05826d7e8b76650bd,0,0.2056239,0
0x52e3c7928ed51ad6990b89f519f539606fd73337,0,0.2056239,0
0x027119e8e0eba273120cc84c03d8324c04a15673,0,0.2056239,1
0x39fd3363ac44afa10e33da5a4fd76c8a361e3914,0,0.2056239,0
0xdb41e60605c1c245cb4e833c640d80866a3f5d1b,0,0.2056239,0
0x7ac2b041745338acb648376b657ab7b41c9d56cc,0,0.2056239,1
0x3100b63734708a3adff9451c47bbacb1fad3519d,0,0.2056239,0
0xe0671aef9982eab745d31f9cedb828c2a8d678a6,0,0.2056239,0
0xb4f4c45b86ef32f679a4cb446540631176b1e6d4,0,0.2056239,1
0xc056a27b16e0b6def3d7325817ca81c0b692e188,0,0.2056239,0
0x9e5889d02614f517ba453ede535aab3bc76dcc45,0,0.2056239,0
0x645e312570426c09c8f20c2029636e674c6b6548,0,0.2056239,0
0x4db74d0760987db98df3aade997eeb0516ec92dd,0,0.2056239,0
0x5256b6aa518bd2fd9532e4605d8caa8cb644a073,0,0.2056239,0
0xd6fd71adeb58faa5cf020df7703c32e40cbeebe6,0,0.2056239,0
0xab5474cad0c34739822d6e703f9197d78a94da9f,0,0.2056239,0
0x53e21ef69bf1fc6f95a6232ffd9738517f5f39e3,0,0.2056239,1
0x6f06b42fbd00e7025cc0521557d203b48e62ebdc,0,0.2056239,0
0x159b60c0564656f77e75dc5e129788c0984d312b,0,0.2056239,0
0x1c75facbee85c954b67a07392dfe06db2a4b90f6,0,0.2056239,1
0x8768bd6e14511f66b7c961d2bad95a37ffa99181,0,0.2056239,0
0xb0ef8a3f9a8160152828a76cc24eea184aacc501,0,0.2056239,0
0x8ffa213b48ef4bb89892f772cf12592df91fcd45,0,0.2056239,0
0x66bc94b906bd3cc1998b0599bbbd17bc81f1c078,0,0.2056239,0
0xc1fad0f7eef3c2e7f5564747df061a7e70f19611,0,0.2056239,0
0xf628d2f0747bbb1dbc4cd39fca76ffb0695cd1aa,0,0.2056239,1
0x92c89f650cc1ffd4266cc3dfd0899854c371ebd8,0,0.2056239,0
0xebcb9f06369d2e1c532b74ee7b4e3ae348da04b8,0,0.2056239,1
0xa1cb25e31e05771ab769007da4da3118bbf1fc16,0,0.2056239,0
0xe372bfe4893265e29561f11c0ddda3cc15201743,0,0.2056239,0
0xfbf0bc3ecf9cdc9487fc6fb06f1b256ee465160f,0,0.2056239,0
0x2404ce22f3a85bf9219f98ef16289fc8fa5e011b,0,0.2056239,0
0x9d39edda1fab7e569111e1f5be4d55d4a5dd099a,0,0.2056239,0
0x29418955053966ddf2ef175e2d267355fda57850,0,0.2056239,0
0x92b69e8fcc182c14ef8b8eab0531baa0b4a92061,0,0.2056239,0
0x80f2a94af122049d77ca648f5e25631d62b811d6,0,0.2056239,0
0x40dc8a77610977cc4525c5298de95f9a358b8a70,0,0.2056239,1
0xad0c01a2fa89b42d8523ddefccb03f64956f2a98,0,0.2056239,0
0x314a9e241d41a44c743f036a0184b5e40454dea4,0,0.2056239,1
0xbe05c017a748a26c1cbcceda6d0997163488c67c,0,0.2056239,0
0x66a5a1ccff01e9f66d100cb77cbed5e0a1eae4f4,0,0.2056239,0
0x7fbd1cb100283d2ebf77f79e096803b2cfec651c,0,0.2056239,0
0x5ca821d83f5aac4daf480446e431aa9a2665ec23,0,0.2056239,0
0xd0a6f2427932307dbf0de9dbe0528440d8ba6843,0,0.2056239,0
0x613e44f2051a6ade1532e8e2fe9cfb73eb0326a3,0,0.2056239,0
0xeadf69cc793761d4f08d6c56cf6a734a19ea1166,0,0.2056239,1
0x3ea8b0f38eac1beb7169f3b2d875bff48c426256,0,0.2056239,1
0xed0c2a4c7897f080474cd257dc02f9cce127fccd,0,0.2056239,0
0x5f6a2559f22c27499ff5c39f8b1f1c55b4405f46,0,0.2056239,1
0xdad456193c0f292cff3936a4ff23207f30200970,0,0.2056239,0
0xfd6406fa3b40c4c2f29527210de09e0c658855ad,0,0.2056239,0
0x54dce27f242876e09fe18e6fb74bf4b95536b301,0,0.2056239,0
0x0d743c1663183de2b7671f4b629e9ef467478e0e,0,0.2056239,0
0xea979836e7bbcbed6c7734d2fab198198a3ca471,0,0.2056239,0
0xcc867c0e4dc1b738d68f836ff5102cba29848f01,0,0.2056239,0
0x3a440f6ebaf3cf2593deb63ed88e0f2515b7b15b,0,0.2056239,0
0x23efaa41a45b253785a9d9d6da5db6b8afd60112,0,0.2056239,0
0x1eeaddfa129323c42992ed710511f747b87000c5,0,0.2056239,0
0x0570c5e4359bcca1590111010e913048fc1d5200,0,0.2056239,0
0xa741c9675cb30fcee10edcc57baf207233db1dd7,0,0.2056239,1
0x46e486ca52cd1fc7d45bddf6431ad460cf42177e,0,0.2056239,0
0xed7a9b5df2f85d0b0e7093ea616d320ff1c9a656,0,0.2056239,0
0xa14fa6a21db33fe6146c78931865449fffed253f,0,0.2056239,0
0xc875b1238af8fc4066777515e5d242f6514f359a,0,0.2056239,0
0x0ba17211e6191e1480e412e3b5c7fae9e86de906,0,0.2056239,0
0x9f353ae5828bf13d1ae691e42877a1c57c91ccd3,0,0.2056239,1
0xd631ab006ed1e217f2bcd2a3f51233558a96eed4,0,0.2056239,1
0xb66c2855ecdf8d41d6028b749fe7970f291ba0f5,0,0.2056239,0
0x6d8fe8aae11be4a64b4cbbaf2ad3d9a37e228d48,0,0.2056239,1
0x5521ef73f18c14032c159c09736d321c7a0241d4,0,0.2056239,0
0x89f33193dcf1dee1b0daf264252e922c6cd8c325,0,0.2056239,0
0x5c9a479713e0dc59dfc2d5d06b0c384bd4e5ab86,0,0.2056239,1
0x7cba611041d6ab12895a0ef88cdb6decfc5f6900,0,0.2056239,0
0x73ce789e37cf4874f995dbb98b043cca2cf757b5,0,0.2056239,0
0xf040f30de979c98440e4656acd49ddbb4019e742,0,0.2056239,0
0x230f807275f1fd6c4e6af9dfdce5aa85bd762391,0,0.2056239,0
0xde381ec4cdf79c47fef2d082733d09fc22ada08f,0,0.2056239,0
0x9eb6d844ed21b93c45b084af5c4c4a901d9c6ac0,0,0.2056239,0
0x662856c40a23a72246462734a65d181cafddb24a,0,0.2056239,1
0x2102fb992b40f73b0c202d29e9844f6f40a8087d,0,0.2056239,0
0xd435ef5377834121367155f124e9d50375c0ca29,0,0.2056239,0
0x6bc0fb7652a1bea8e19771540a3918e3466baf1a,0,0.2056239,1
0xdc27ef513130e0006c472fdd8bf19a45440ec5a8,0,0.2056239,0
0x52d94dbab16167b981d5907d2d94b9d7034e9a41,0,0.2056239,1
0xcbc1e69573652cb1107cadb2cf725f7e55ef99e6,0,0.2056239,0
0x06c3660afba8551bd3599eda45deed59f732196a,0,0.2056239,0
0xc81bc0ebf7f9e7e6bd8b365c44079cc820dce425,0,0.2056239,0
0x4c4828ab093964306f3ce223bdbe3c1bb5b12e2a,0,0.2056239,0
0xdc249a3dc3a2c2af1be6f71e3c82ae9d886bfb33,0,0.2056239,0
0x0ccebc03b9d399fa92ce166595430d62654b5c74,0,0.2056239,0
0xfa6705107c75438a0492f14e3929b57b1499d948,0,0.2056239,1
0xd95104d676d74984ed0f6b3af47597f47d36876d,0,0.2056239,0
0x0b480f5c86bafe31fd4a273876a420e0b5deb37d,0,0.2056239,1
0x764b305694b026c1acce7bf862c3b5456a146bad,0,0.2056239,0
0xa8cd5becc42d67ebb1988207761a81b1379f0d51,0,0.2056239,0
0xfddf1a60c1b963fb92d192faf177927b05f3e538,0,0.2056239,0
0x527aaf05e169870cc2f8711b46c026bce78d6ce2,0,0.2056239,0
0x2b670c663a93964a9cfe635089307f185980f13c,0,0.2056239,0
0xe7c7daeee666faaa91c6ecc360125e3c08e2c30d,0,0.2056239,0
0x8b9e26668a16ed2ee96cae53067e7adc951d0948,0,0.2056239,1
0x701f7bf0561bc44d904170058b9a05e0092529f2,0,0.2056239,1
0x1094531aa5ff1b9353eb166925121d3d21a0ead6,0,0.2056239,0
0x903aa6f72d8c9077b7547766d388dff15688316b,0,0.2056239,0
0xaedef57e2a3e0423b72971efd13e4c1f0804b784,0,0.2056239,0
0xb1d4fa6f0bf401cd9380fa9aeb3476c5027802a8,0,0.2056239,1
0x9b4166843fe8625029e74ba88af79963272f4a86,0,0.2056239,0
0xf792ea762d04083681288c96048ed84651a7e24d,0,0.2056239,1
0xc338eeea18790972f5b20e1f42c20c45e0e0dde5,0,0.2056239,0
0xbbc68b5e41fa08aad1008d7e1154d0fae698c01d,0,0.2056239,0
0x77dcaded2c87a3bb38728913351a8d2d70d21607,0,0.2056239,0
0x63e0a798636090bfe4fc5c17411c099b64b0a5c6,0,0.2056239,0
0x1bce180dbeb9ba28d6c3c46221b3793982bc24cd,0,0.2056239,0
0x627d5577ac407d0c3466e5491bb2e1bf4cab4388,0,0.2056239,0
0x48bbb8cf68e73af4df5331dd403e1ddee9c4d771,0,0.2056239,0
0xd60f528cc81478c2b048d1b0992b73d014ca2bdf,0,0.2056239,0
0xe56ad6e82a5042fdf8482b0995648010797f2ba5,0,0.2056239,1
0xbb12b4ea05bcc3953e7021e56d368631dddc1ae9,0,0.2056239,0
0x02f422a6355646e07c43f9190ee706645f2d4658,0,0.2056239,0
0x104540ad450f0c2bf825da3c5c6cd215b9568d83,0,0.2056239,0
0x65ecf6ef1bf9759c60649a10856199453fe1a2f9,0,0.2056239,0
0x17f92fb2ae70d0bd6e106c4941c94647775edc99,0,0.2056239,0
0x9cef70277b5a1439b0569afa2706fdd50ca6ab06,0,0.2056239,0
0x686e6cf5f6b8d387569714e9390e4f2b0352ed86,0,0.2056239,0
0x60133a26a3b539667c907694375910afebf69826,0,0.2056239,0
0x1510e1f032732c48d4793c05b2b5e24b7a2ce092,0,0.2056239,0
0x0ab8161a6dafb512dcd407a0a3ffbd7419527974,0,0.2056239,0
0xa9369ef35c84e7fb6e569f673afc585309bd56ac,0,0.2056239,1
0x557b493263d6f9cd277b862fa352696289331f66,0,0.2056239,0
0x6729f7e474103965a84d03caf492ee60b894693f,0,0.2056239,0
0x9be7a8e1559bafa903ad094f8637ab2d6c006435,0,0.2056239,0
0x076caf7d467f85fa1e190eb52fe7e41ec14be380,0,0.2056239,0
0x68afd142b11218368629955712362bbcc0f5736d,0,0.2056239,0
0xc6dc35f2c1007b2c2a2d57ce1a7ff131327ce867,0,0.2056239,0
0x53b1f7a09932f5477f87d10eb9b4f66637369dbe,0,0.2056239,0
0x02daffb0ad6eac70e2ae55a2fd1989f3326a7a27,0,0.2056239,1
0x7f51d932bd53c44c133288ab49011ed25ba1dc67,0,0.2056239,0
0x9ce0726d2c5e147d4c78139f7c8f3d70282c5a0a,0,0.2056239,1
0x8e3776f08db4ad60b5b1ec226e5963eabfc09a37,0,0.2056239,0
0x3877861de1d14efd423bee7cd047ea193b06dbcc,0,0.2056239,0
0x2b0c69356437e173814b0e5cd6c52facb381b7d2,0,0.2056239,0
0xda03045dbf27cc1dda2d1bf0d9d7232942df96b4,0,0.2056239,0
0xfd16bdd047ecdb6c006a9f159c14c8bbb7462c91,0,0.2056239,1
0xe455566d95e34ed55be2322999713883c73581f5,0,0.2056239,1
0xeb863e38a4d382d53d102b861d7a8fd8609dec74,0,0.2056239,0
0x650c00c73e5580b65fee58a0250ccd3e6acdced6,0,0.2056239,0
0x80831ca4e986ef2493ee948b0b33bde8f5253a61,0,0.2056239,1
0xc97b0b2a2547bb3ed57167092ef8a6e816c347e5,0,0.2056239,1
0x5ab7e34e79b286f440c158611a650d1bc914e715,0,0.2056239,0
0xcc589ccf32b9fc7254a3d99250a72ad033201787,0,0.2056239,0
0x5b676fe82732eb332147291cafe37763771f1c47,0,0.2056239,0
0x3fca542f655e93260c919153df6dbc50d2018494,0,0.2056239,0
0x2fcab92cfe0ba4bc136869b007309f024ad3f1f0,0,0.2056239,0
0x7a28dacd65fb862e43606459e06d2710ae321813,0,0.2056239,0
0x466f58c1dd4e0814526c9bd65498380dfe1cd24e,0,0.2056239,0
0xa3effc76a477f25fc8edb754bed9c3a25c36a6e4,0,0.2056239,0
0x17b01fff711ef84f9035d1e3c585eae14ce6af8f,0,0.2056239,1
0x87f45edbb3e90f08870d46407b33fe0b26d00528,0,0.2056239,0
0x06331db8f0e4ff3482d910b8e60d66fb436fcfde,0,0.2056239,1
0xe3d9f945af981a28b68990caea771ff42da45e1d,0,0.2056239,1
0x82e15ea08649880e9b116719f68c27b3fc234bb8,0,0.2056239,1
0x896e5ec2ae16b492dd9ff5eba63ef7a5cf3207bf,0,0.2056239,1
0x9743e3bbc26b34944d3d23839e70223ca122da8e,0,0.2056239,0
0x8aa8f84d7b08e97f48bed61883fbc843738b8dd9,0,0.2056239,1
0x6fc8a54e77b006290d7a3426a92c6e5e72b5fd47,0,0.2056239,1
0xf732a4c0428c80625af46a33bbed66f8619c6051,0,0.2056239,1
0x52d7fa466a0fdcf9e5783c918fbc6dd073240ff9,0,0.2056239,0
0x31fbad030c986773fffe789a3929344c60b9edf2,0,0.2056239,0
0xe88fc35c12abb661864c317f9a7bb6cf6aa8a9d8,0,0.2056239,1
0x9a57179cf994a9afdecb8995dc883eb932dd1f28,0,0.2056239,0
0x9005a67be4eba7a36aed1c2fde6b76c9dea9d988,0,0.2056239,1
0x2e1835e1e373dff779809444fbc237c0b915a353,0,0.2056239,0
0x565cfdf9c738d1b76faa36898adaffc4b18e0634,0,0.2056239,1
0x0fee544537b0627cda8b3414e2068f23a5d56f63,0,0.2056239,0
0x3bd7355f2d6b0721eb51a0aa323d7d558b518a45,0,0.2056239,0
0x8859a5f81beecfadf9ce592e3c319d254a1b1ff2,0,0.2056239,0
0x114a3d4381b807c10d64240c6836edf409e77235,0,0.2056239,0
0x0268a9ac84a19de8843fdb451b40fdc57e8a799f,0,0.2056239,0
0x0b121531e0e5c97a5c1de09a06eb0574ce90100b,0,0.2056239,1
0x85c869234bec022516b2b01bcaca52a8af5480f8,0,0.2056239,0
0xaa95469d9b83dadbde0626eb6c7c393e4abcd397,0,0.2056239,0
0x43660915249423c258be3b990e4183f4a86b611d,0,0.2056239,0
0xb13719b497b8842feb032bfb6099738d85241e5a,0,0.2056239,0
0x556eb05ed49ae49dca48a812cd552b5c7e623ced,0,0.2056239,0
0x1f38001c1a45208091c9543e40e1c156cd5e9429,0,0.2056239,0
0xdcc3d70148cee32c0624e3576350ffa833bd222c,0,0.2056239,0
0xe41719f3155882587c59ef893062b8eed193df52,0,0.2056239,0
0x5ce925c72895fc15de0b285f701f136a0a10e6af,0,0.2056239,1
0x09a30cf78a3e4e74479874bf9aed0417e91879ad,0,0.2056239,0
0x550ccc0f127a21f589de9af926bdf33ff6bf55fd,0,0.2056239,1
0xb343d0999daca5ad9cdc7e0162a6f5b58e3e958a,0,0.2056239,0
0xf8772887be101d212aec09283fd69fcf1ad89d41,0,0.2056239,0
0x241d478509ed82dfe2d796fe5d40bd3229634bf3,0,0.2056239,0
0x4a0c83972bed508384bbbbdbcd88990808cd48fd,0,0.2056239,0
0xe418a536730c8cc3ecf0546c1afca6f64eb75c1a,0,0.2056239,0
0x3c25f05ad50b0d6a136cc80f8447424d545431e5,0,0.2056239,0
0x14918ad6d4166c837018b5c7cc88eb58195ccf08,0,0.2056239,1
0x17e3909258e74251899dbc8ebae5675e78551dd9,0,0.2056239,1
0x27739618b9a7b2eabe83745a6005c94e1c393479,0,0.2056239,1
0x94695b25ffb19d940645a084e1bbde07c5d8008f,0,0.2056239,0
0xf734f4a4a26e9a75d74f7c3802e8cfbe8b496d70,0,0.2056239,0
0xfd768f06770eff0ad010e04dfd554d6ddb087721,0,0.2056239,0
0x78daaa365ecda7b8f74539e41c85612845a7cc39,0,0.2056239,0
0xc80f4b6c1090943a66259c204c22bff61c9b5a52,0,0.2056239,0
0xc781abd408bec6cd3def01bcdab43ba62b4f7655,0,0.2056239,0
0x63f8f328798561776bccdbc8468eebd8bb05f752,0,0.2056239,0
0x0d99733bfefa0d0532c26cea0f27d2b22dde2d1c,0,0.2056239,0
0x5d6fdf63b809f0e3089ab8ca5ce60f2555b88206,0,0.2056239,0
0x664012638348dff170a32f0845dfb1823326c645,0,0.2056239,0
0xac40dabb6d0916eb2671c061b9a2606fdbcf283b,0,0.2056239,0
0x4ba5a63f08c8b382810c854cc3261eb47ec6acc3,0,0.2056239,0
0x9d2cc8d289bc291b2f3a719c1be3413d67574183,0,0.2056239,0
0xd832f6bdc10ecd8eea04ef63fcc1eebeb3cb3410,0,0.2056239,1
0x4a92a2143af23b58d9f88c3e78588688fb11a3ed,0,0.2056239,0
0x3ddf04b344ca0aaa87b309664f9d2d4556f94063,0,0.2056239,0
0x37a449b7affd66b2999e45310c0e99967d30c92c,0,0.2056239,0
0x725e303a13b96cde3b83d502b54aa2a23192b14d,0,0.2056239,1
0x1173b3ddbd8e1d248c18a647ac570053aecdeb6e,0,0.2056239,0
0x552754a8b0ebd4f4ebeed4b2c6bd4a239a6d27f5,0,0.2056239,1
0x27958490a50bfd1492e838248a4b2f452bd158fc,0,0.2056239,0
0x7e16422c35d67872932e8111acdb4578d6457f14,0,0.2056239,1
0x5083a040efc20da48e3602f520940cc61c2bb0ea,0,0.2056239,0
0xce0e637254fd2a232ec81a8baed943d8a1f5f15c,0,0.2056239,1
0x0e3ca1fb55bd656c043f0f7e065e2217668763d2,0,0.2056239,0
0xa60502c9db7dbd0a48ab0014ffb277da21145dc5,0,0.2056239,0
0x6fd4d64e53f8b9cb65e7cb9a1c0f70208f025cfc,0,0.2056239,0
0x1cf9bfea1ec58bd1e0f1dece414391b01991675c,0,0.2056239,0
0x22aa75e488dadaeff89ffd65ec34f5baac04b4e1,0,0.2056239,0
0xce413ecf2cc6ab20938d42041785e917420d4892,0,0.2056239,0
0xc7ebbf1d86d63eba6847121012f51f046ad1da58,0,0.2056239,0
0xfa18e7ad860b8ce85bdb3dce1cc4c7b876250f82,0,0.2056239,0
0x4101fa92ac42152557e6e0f86a70aa887fbd1faa,0,0.2056239,1
0x78239cf7676fa965ce07add25af961a61968cd90,0,0.2056239,1
0xaf7894f619baae36b20ff2193492b954df76c915,0,0.2056239,0
0x141282dfaf1d13849a6fb94eb26dd45915648417,0,0.2056239,0
0xd5189200a32e7ed00a4e635f0452daf3643ea1b2,0,0.2056239,0
0x04a162e06d1e82745a08b95e247bf3a965693527,0,0.2056239,0
0x083f567b417ff9f6e1989474f76474b9b24843b6,0,0.2056239,0
0x63726da8f5ee9e05fc2078b3fba06ddf8e3e8b78,0,0.2056239,0
0x3a4caf5b135897b45f0de4dbb69c271faa836903,0,0.2056239,0
0x20159134008e3b679f234b89960de440a052c715,0,0.2056239,0
0xe2bb7d3df48b0bf39fedb86af7cdf5b194a40753,0,0.2056239,1
0x1bbd80dc12b8162ba0f4c4586c068e27c634f8cc,0,0.2056239,0
0x381986589f2c6be29ea1b7f82beb53272aaa8662,0,0.2056239,1
0x2c6dd8343d5926fa2d3779303bd238c2f8ee1a7f,0,0.2056239,0
0x336a5d476ec37225e601fca1edec36e6a4b3a414,0,0.2056239,0
0x1e20cdb78b9dd0b52ea6ad8af24afa25fb4b66f5,0,0.2056239,0
0x9515e1283f86edad9822249c5e2574d7488f42fd,0,0.2056239,0
0xc934b64cc7d318a28cf49eeb56a38bb5dd4d6252,0,0.2056239,0
0x6e45bf87fc06e74b337702a1dfc44246dde1df29,0,0.2056239,0
0xd720c6cac9f357a1e589480c467a6836a16dba3e,0,0.2056239,1
0xa07c2554806acefc947aa64b6fb2d2094973f486,0,0.2056239,1
0xd78c674ec9dde022af5b429773d7c4d534ee9f95,0,0.2056239,0
0x7b0f8510a409ba99322f83e6ccef0eede71a179a,0,0.2056239,1
0x426e4abaab5b0ba04972f0c7eca3f015ebb32335,0,0.2056239,0
0x1a0f49cf2a597a9fc76be94f52d02b527c645edf,0,0.2056239,0
0x332abc0dd24f1e5b954db34152cf5a08eee34fec,0,0.2056239,0
0x5768dd7f982edbb3ca6e533f9a32f3ce0ccced02,0,0.18999632,0
0xc22cec2d723f541a1576380e5637485c1c838730,0,0.1863354,0
0x52f61a4018d34dee59fe8c3cfe9750053535af63,0,0.1863354,1
0x862f96f399565ab5720a6de945e5ae0a3bb6487d,0,0.1863354,0
0x296dc7787f66e2ada7f5a8c741db1cc7133f1475,0,0.1863354,0
0x63e8679cb0d9c80a782d8e7926b23130d76e2cea,0,0.1863354,0
0xdf66e3513bfd905ca5f2b177957c89b192e2565c,0,0.1863354,0
0xfdeff54e809ec4ed4b257ac26a7eaf35989f39fb,0,0.1863354,0
0x1797382cd950b1d09ad6f30b74f40746575bf86e,0,0.1863354,0
0xd86eed183510ff06164a6bc1eceaa8bd7c4c1b87,0,0.1863354,0
0x00dbf7db65f3c32cd8f0d504e9ad9e13fc1f3bb6,0,0.1863354,1
0x92a3786988c2e5b3fd2c2ffbece6ccf895caae7e,0,0.1863354,0
0x34b940d4de2f301efb2b1853e590b55423c4243f,0,0.1863354,0
0x73195e63e1ab38ea12b1f163fd029607aee90b1d,0,0.1863354,0
0x0af29cc14fb231218c8d005685ac3db427a1ce86,0,0.1863354,0
0x0a4bac9ac98f5bee36a8119ad47779f2e2c1f395,0,0.1863354,0
0x487245a11e8a03e8cce734d4e68e85d5d2d363f2,0,0.1863354,0
0x189e65d76005165dcc5da325a30d62f06b4874c0,0,0.1863354,0
0x1e10cec82064b7d7f9362e03c5dd6f5628d703b4,0,0.1863354,0
0x1b01d716948679ba8959dfa476d3c1ae55a67db7,0,0.1863354,0
0xd6c74402154ebc22e9902e04d8a9ca86a1c3a6a3,0,0.1863354,0
0x0b721724064afe45b40eeb95cf3487f8e6d5dc2e,0,0.1863354,0
0x04e4fc710355968f31061bfde6b01b77351c56ce,0,0.1863354,0
0x3a9fb46bcbd2982559fe683f4bc3748ec265ea97,0,0.1863354,0
0xdcb32817ea624eb821613953e6baa9aa25c8c96c,0,0.1863354,0
0xf26dfc65eee9d50d0a923c01784ce9ef6c168c2b,0,0.1863354,0
0x2e915c7d5394a9ff1429390dd01daaf0aa769c8b,0,0.1863354,0
0xd2db416fb247ea9e2fc0c685d898b192e56d8f5f,0,0.1863354,0
0xd541994b350cdc836fb383e5d39a50bc1fede026,0,0.1863354,0
0x79b098207b025ce1572de6dc2da6111b11444678,0,0.1863354,0
0x14508e67f3bac4d6936ac5c8d2a6770d72c8d060,0,0.1863354,0
0x1c6139112c109115da3c4e58b4f03cf56069a720,0,0.1863354,0
0xc5761ddda69a64e5eb0bd2825e3299c6603f3f04,0,0.1863354,0
0xbc6001cc24e6f715a77e2b19cca1eba5bf13c377,0,0.1863354,0
0x5197d737a85b083388c9bd82fa6f0c35826ddfc8,0,0.1863354,0
0x2fa9a76b13183fe4134c29a4c01f5bbe9cd386ee,0,0.1863354,0
0x3b8407699e832891203387d52c64d8f61ff2f487,0,0.1863354,0
0x138a5fa05bc0c7415ae5bd0b5979b1065dd9384f,0,0.1863354,0
0xc465cdebfa872d4e2e6913f48a6c877946bd0969,0,0.1863354,0
0xcbedda30b5f1b6f97e81821b35e83436717a2de7,0,0.1863354,0
0x8f930751bac2b791a76271e8e1d954d42ef93e9f,0,0.1863354,0
0x353b5bcb005349579843a3b1351861ae6cbba70d,0,0.1863354,0
0x920ba44d7525b3afd141f4821859eb224f64912e,0,0.1863354,0
0x2c71f0e245c1f0257f20a38ba69e22ce66022ee6,0,0.1863354,0
0x411e700062b3d2d62eeaf2b475f85e68ec5c2e0d,0,0.1863354,0
0x90e9d0e147a1cf22f746182643686df7421f7af3,0,0.1863354,0
0x0524998ce6e70730ef2e4c3ea2f1036d40610a8c,0,0.1863354,0
0x5f56a9a1ac5cb8793024d196e5ec2cacfd9d348a,0,0.1863354,0
0x160c0e1bd4aa88627af24e139a3b741e07b4169f,0,0.1863354,0
0x37cc1979963f8b87a923f25957df1d192dd4e274,0,0.1863354,0
0x5ce572f064c53b0b5956a243360c24b80db2eff3,0,0.1863354,0
0xa435be6d828f0217a0f446230f55220a359ce599,0,0.1863354,0
0xd9dea316cd3b785828bfa7c41ef081a4684b608b,0,0.1863354,0
0x57427b0eddd37a7e4372425cc924d4ad23a3d565,0,0.1863354,0
0xc2dca29de39f7fe80f87c56f09a2365172178b3a,0,0.1863354,0
0x40dcc3aec8865361009c645e6a31f3888ab4455b,0,0.1863354,0
0x3e0af50e7977c578b9df1d71a713d7c8f873b9d1,0,0.1863354,1
0x459d3a0dc802c0bd8af7d30e86edc4b80878042c,0,0.1863354,0
0x07ad218022052245aaafa1292533c15e8520e7c3,0,0.1863354,1
0x41b148155399d9ec4bccbaf448417651f80b5a67,0,0.1863354,1
0x7963b8deb15e13098a2affbc7ab9c4a8b0f237f9,0,0.1863354,1
0xc96b5787dcc59d097141646acee5c9b166848b6e,0,0.1863354,0
0x9a46aec5ff2601971da158f7384b7dcb5a193e9e,0,0.1863354,1
0xf59ddf5b136b2562cb01aa9dcc6a74a5b864124c,0,0.1863354,0
0xb8da89184f5c9c4d837d7ce1237cd9a1cf419d35,0,0.1863354,0
0x7dc646bff8a26b4fbe4af5f8ea830c949c72b32c,0,0.1863354,0
0x9bfc3eab3752b913a73fb71e46b5ad93c8b4a4a7,0,0.1863354,0
0x10d575e5ec43d9d4dda165cd026e2b3d2242010d,0,0.1863354,0
0x038aea1d26b827766bee8518f4613712d8eaee82,0,0.1863354,0
0xec5a91e7d330a585f81db063ecf517614dbbe44a,0,0.1863354,0
0x267d44d5527e490fb5b3d616125a0381ebebbc1e,0,0.1863354,0
0x5954334148b6a784f4a5986ba72f4b501e2121d7,0,0.1863354,0
0x8bc32b9e89811493df814b29a871ae6a08d99159,0,0.1863354,0
0x26937ca1c1e1a93680d6a0fe4eba2a1fcb069a84,0,0.1863354,0
0x62028ee8f89e245231796a028115358662928872,0,0.1863354,0
0x6f0b184bb8c99a36c4211bc150cb4994e5bd8202,0,0.1863354,1
0x78f412ae0e9734a97d869dadc177955eeb944dfc,0,0.1863354,0
0x2c495ee0f78574e1027a97540443dfc7a19dca40,0,0.1863354,0
0xc8d9f177d214d707d6e60029ad5cb7110cab0c77,0,0.1863354,0
0x6a216f2b1525493d9c470e2f06f963fb0924f4d7,0,0.1863354,0
0x3b39fd096344d3db1664a0131cd7b9efd423453c,0,0.1863354,0
0x75fcfdc90a173071ac2010fa9c9842c582e30a4c,0,0.1863354,1
0x26ec9f4d5a48df8d78ce126033ab793445ae7ed3,0,0.1863354,0
0xf13c95e95149420ddfec97d689df4658f8155560,0,0.1863354,0
0x092785a4c552d7c0e8c767c1ef2b1acfb79e5418,0,0.1863354,1
0x1b793e053de2a9da18b73f6d2335cecc7fb0fbb6,0,0.1863354,0
0x96f48c7dbb8290075ced5a42531fef535fbfb9de,0,0.1863354,1
0x11a9d23643d400adf488886ed258780aa22b2bdd,0,0.1863354,1
0xec30fe5ca5b7f2cc10f3e15b5783bca652ad6d9c,0,0.1863354,1
0xb08c4cfca667cd4a87d341275a2231e4e8d2da7a,0,0.1863354,1
0x65b0a8a49516d74f163e510d598b3241275afa30,0,0.1863354,0
0x88502715c8d96052be00b2be2c170e6ce373d68d,0,0.1863354,0
0xc2358d03312b05b244bde5286dee03bc60ac99f8,0,0.1863354,0
0x276e575254c7b36088329802d34b938e2b5fe914,0,0.1863354,0
0x006e1bda77ded767e05296be484a77de8e054515,0,0.1863354,1
0x48ea6b561bdef5c384f83b1e05fde6b7af973e30,0,0.1863354,0
0xe650f816a40b4250ff6d3593046c801055ba1e3f,0,0.1863354,0
0x1a87c11f1646b4bad5143d36801c6f40a4f3d991,0,0.1863354,0
0x1426a4fa0f575ea2d03b5f61a8daf56682ebf253,0,0.1863354,0
0xd2bdf7bf50c9a7bd051c05751b09ca50ce1e7adc,0,0.1863354,0
0xf1f41d5143ab1ff568a2e174dd1530c9b8e61320,0,0.1863354,0
0xc085366b01d7999e0669d64635783285361af3ce,0,0.1863354,0
0xc93ef51d070bd90d57270b554d23de2ce56dec86,0,0.1863354,1
0x0cdc5aafb1f8d3f74f8924cb6db80882b2908558,0,0.1863354,0
0xd543b5b825e87075d3ea0ca0a12af0f04a30f65b,0,0.1863354,0
0xaf1aa94eb0781e769191adac870caac8e3c01988,0,0.1863354,0
0x089905577deadaa4008f453608676d5f7be6459e,0,0.1863354,0
0x4be836fa25bd0bfbc8ffae5e93344aaad754284d,0,0.1863354,0
0xfe19961144428041f5ddad820fea673c83270cdb,0,0.1863354,0
0x9b6e2b679a9cdcc3bef352c5f0ba5d9fb31ee0fa,0,0.1863354,0
0x4341395fbcab9cf3f166594eca23352425426a64,0,0.1863354,0
0x8f25c69bedff614f0ec6ec78aa2117073be55490,0,0.1863354,0
0x24f62815e4ef739c38c9910805370df9e47019d1,0,0.1863354,0
0x9e5e540072c9aa507fa859ca4c05976a57c51c5b,0,0.1863354,0
0x4e35dccaeadb844ac2ffed0167e083f08d734fb2,0,0.1863354,0
0x4228048ea2f8f571ff2777cc32baee584c5134cb,0,0.1863354,0
0xaaacec4e245f8078ad38f569faf39de2d5d5a834,0,0.1863354,0
0x93b7b0a3254d62d7dd7a75eb85ca44a78cb54fd2,0,0.1863354,1
0xabaa421ad70c44c57214a8928bed124afecece33,0,0.1863354,0
0x0d412b7756535e55670f0748ffe5b59f7d5113c7,0,0.1863354,0
0x414c9f1ac3f6a026f6f3327b098a0978adb713e7,0,0.1863354,0
0x792d3ea6574b8fa844446844c469fe3fb1e2c475,0,0.1863354,0
0xa1f40fd10510cd0d92d477588c8dcbeaedbf2df9,0,0.1863354,0
0x8f306651553f0467e3e1643e0f8b62cc7ad7ba89,0,0.1863354,0
0xcbea30b026b3b0f6a73c96abac24a0a74b9c7777,0,0.1863354,0
0x0a3cb5594a45ffbfeb42a0588addcc1cd5c2544c,0,0.1863354,0
0x034f3cd0c71499ca9ee4517c7e6f8c279719749d,0,0.1863354,0
0x5737f06ee8510c37606f273dbc713275554efd74,0,0.1863354,1
0x7468c3c6d1aa1f0f0eb5803e44dde92b9444ea83,0,0.1863354,1
0xc6883fe84f153266a1326660e637c15fa1a288a5,0,0.1863354,0
0x7a69a9ef9ea5d5a565615d5f773e267fabaf9ad5,0,0.1863354,0
0x9d95c383ec5ef6eb37b169a9a3bc145de577071a,0,0.1863354,0
0x580dbe563496d8c57c8c724f761c9ca4b02ccfb5,0,0.1863354,0
0xe60cda027e507b133b3c913711471dee93dc57f8,0,0.1863354,0
0xd65129d05cfa30555bd5dddae1aacceff73abff1,0,0.1863354,1
0x6a3611877d385433a0023bcfa33c5f41fdc7eee3,0,0.1863354,0
0xdf21ba91779b529017acdbd026fa8e97c2fe3c33,0,0.1863354,1
0x18c94ad84ebab0999ee2333fc846b7ba60080079,0,0.1863354,0
0x25ef01fdcd03366dfc95a341b9f5e0970a60ae88,0,0.1863354,0
0xa07aa93ca44ba555998782f0f5dc63286d83f97a,0,0.1863354,1
0x5681218a86e6a75dbf07a46576893c4c48e73a16,0,0.1863354,0
0x58e709a216a4b6e583df74af352ebfe99e56a3e0,0,0.1863354,0
0x0c9958b4f6afc15f59241ee0fa66d2b07ffa2b66,0,0.1863354,0
0x82f6cebbe29a1d27837933d5ec4bb625e5601848,0,0.1863354,0
0xd92ab930e97f6fbdc5e369e737511255aba831eb,0,0.1863354,0
0xeae6cbab5405710d2f296a9ced4b6d6b0ee64507,0,0.1863354,0
0x49ac66d01a4fbe612693951f3c74caea58322f1e,0,0.1863354,1
0xe4c391fd99e9a8039176b486d67938d0b3856762,0,0.1863354,0
0xb07e7b15d3656426bcf8d8ddf14c65caceb40df5,0,0.18118285,1
0xef9a501761444d27a5c2b9306fad24504cfe54e5,0,0.17714287,0
0x9ddc4ea641741f1985b833f2d4b9dfbba2dee874,0,0.1516385,0
0x3dcee3407889e5e2465c9aa00abad09aa8385966,0,0.15,0
0x9495425feeb0c250accb89275c97587011b19a27,0,0.15,1
0x3d7f5367a94f3fa4bac76d0a7a119301494e326c,0,0.15,0
0xae263b4696c7b24ae8eeeb3a6ab9c4dc8810e478,0,0.15,0
0xbb5412914a7de1364810bb78531293efb97c4316,0,0.15,0
0x1eb41efdb76046c1b36eda7c2131d5dfeb4a3082,0,0.15,0
0x3c32ba9823ee22fa18164acfe0ab9386372770df,0,0.15,1
0xc10f59905217127075df0820d84f532795bc92d5,0,0.15,1
0x510ae1a69ea3fa6f95027157128c25563508d77f,0,0.15,0
0xe062f353e147690ff6ac405d03b2a69391fe4907,0,0.15,0
0x8c994f56c15feb7086f4de73e8908ad2c8123ef0,0,0.15,0
0x98f5d88798331947dc2a0f9087308a17c41f754f,0,0.15,1
0x28bf066c6cb952da62d6d182c16ad173ada64a4e,0,0.14772727,0
0xaca3195824dc61446eac626357d22a39aabd91f1,0,0.14772727,0
0x508b4046b8143c0fa8b2a43d50b25982d935862a,0,0.14772727,0
0x6fae69e14438169d034abda800fe713ccafda4be,0,0.14772727,0
0x4fa60d394cdab1050504f75b40becdb26fa78c48,0,0.14772727,0
0x72a0d79b4325638bc2bcfc9a2b8a380c2d81c059,0,0.14772727,0
0xb400b49489ce94367aae4ba0138f1062d397b10c,0,0.14772727,1
0x9b0765f2cc56da5bb37e558d8565d09b4848c578,0,0.14772727,0
0x712be8f7388a7ac628e835463c48ffb6a40e100d,0,0.14772727,0
0xf3f656ae9c690ec7f91418e5050663e0c554fabd,0,0.14772727,0
0x7c5b7753048e57ccaa5e24a363f12f1cf37c8007,0,0.14772727,0
0x1583c5d3f2b55b3ec71c599c6b90d328d49cbdde,0,0.14772727,0
0xbdd9d214ab7c2fe478b4a56f41c694e5f90b7d3f,0,0.14772727,0
0x5e58bf49747aa380eddf16a20e452a64e8b74943,0,0.14772727,0
0xf070afb0cd2c8d1efd56f795e6715e948e50fb20,0,0.14772727,1
0x2c478d61249817731db0c65b341ff86dcd0769fa,0,0.14772727,0
0xd9e4849672bb452ef3af78b1f48f506058696385,0,0.14772727,0
0x4e57a607d5fe0f70e0714df618716124e80414f0,0,0.14772727,0
0xb3ac590b266dc204036e65ee719afc2f85965018,0,0.14772727,0
0xcecfd068956b4093b7670348753fd91b073bdf51,0,0.14772727,0
0xa2467d05a2b85ed730954070c1bb22f79795fa9d,0,0.14772727,0
0xf72ae2cf4eb97429f5dd109901730719a0d6db6d,0,0.14772727,0
0xd90a83d8855e6c4db8871c898916e37a54f666cc,0,0.14772727,0
0xb184c7a0e5172b5bedbf4492d702220f5522b6c6,0,0.14772727,0
0x3aded433a13bdbc92bbbca814ae0b0587b0db5bc,0,0.14772727,0
0x52029abf384bbaa9bb4a17631f326f336cf158dc,0,0.14772727,0
0x4c353dd347c2e7d8bcdc5cd6ee569de7baf23e2f,0,0.14772727,0
0xd84e1a587d41ee9162c85edc02d99cb7cb16500e,0,0.14772727,0
0x8e4dc9e9f6b711f0385ce1eb1e6925df79c5c70f,0,0.14772727,0
0x77238e94c7815c0630ab801472d3561dfbc518db,0,0.14772727,0
0x737656bf7313d29c0e3c49aa93731cfe5931de4e,0,0.14772727,0
0x2a9557920e08d132cd8bbfbcac8eb78f1ab42d3e,0,0.14772727,0
0xaf8736f7942252ac7d839b111a4ff8c614b6e1c2,0,0.14772727,0
0x218942d80a711eb32e9423feadbb71a64d3dbf61,0,0.14772727,0
0xb4994a29eeb0f596118f2829c3ab44097bd20d3a,0,0.14772727,0
0x41699a03e4e67677d7aaad8cf6107dcfe056c940,0,0.14772727,1
0x4d94ff251c11a5b78834ff51d6a626a3748cece6,0,0.14772727,0
0xc546071d20d315966fa50bb7469127d32edf058e,0,0.14772727,1
0x5e5c331a6ed60e5d4ef101f8458edfe7194b196e,0,0.14772727,0
0xe38d0335a7174307b1f53dd0bddbfc23c2de3912,0,0.14772727,0
0x5c55b689bdf8c031fab24bbe1b57c6e289ac4164,0,0.14772727,0
0xef5326fc07f0b34320af88211e6e5acaf7e10d14,0,0.14772727,0
0x3f3aa7005f8006bfcc367d43a25cde25509fe8fd,0,0.14772727,0
0x3f93a416e19cdce58d7c92559cba9a668737bc8c,0,0.14772727,0
0x89bdbfc5ef53cb9ab522c0d81aa0b057232bce1d,0,0.14772727,0
0x12bbd4c6b84e90a8a8785397c9fdc60cd3aa03f1,0,0.14772727,0
0xc02951043c35648314d516fb765fce0d5e95ee45,0,0.14772727,0
0xa362c3bcb2c2b85165c7c226c1c610739ced9980,0,0.14772727,1
0x1d3ae15003ce1ab45b01c1460ef9aeeced8ea983,0,0.14772727,0
0x1306d0ca4ade224b74b3a47b55a9c4baec4262ed,0,0.14772727,0
0x50e54e75d43da0173bf1a795e5e79519721d4985,0,0.14772727,0
0xed3de050fa8fd71c3cb82aa98659d33318dcf1ea,0,0.14772727,0
0xeeda9bef9cfaeea134d0015dd43ae5104f69cd9a,0,0.14772727,0
0xf126b571982cb7b7aad91000eb284376c48ba14d,0,0.14772727,1
0xa05bf9c47c0cfa272bbfb06a896de54a4d57f2e9,0,0.14772727,0
0xdc0f483656d3608cadeb1f5bc0603a9bfed40da4,0,0.14772727,0
0xa8ccda0419f357f819271437efb61022f01341a9,0,0.14772727,0
0x237e5fb898be8cf9cf8a9f30175aa5ebb0c5a482,0,0.14772727,1
0xdec3b9f41c81547a629920ab682d3004023ea3d5,0,0.14772727,0
0x4ddc7068ef679dc7c34e2c22411975baa1b9e73f,0,0.14772727,0
0x3d904501f94d4ffcb7dfd36ef491ab705910619a,0,0.14772727,0
0x192198212f47ab171ce28ded6db491b4188ff8a6,0,0.14772727,0
0xfd710d0a3eae880869067a9f735328a27e9c60db,0,0.14772727,0
0xc53af83e06549733e5a8d08928138f8d5c66625f,0,0.14772727,0
0xf8dad22e402df881c8169337cbd882b4bec7e0d2,0,0.14772727,0
0x470ba8e8ac4ea96d1f98334c4a2d2afa19a4ce4b,0,0.14772727,0
0x76d4d4703add6e94cfdb1107f3d991d85ff2c512,0,0.14772727,0
0x6a26095c16055429012113af34b84e6221955b66,0,0.14772727,1
0xed9b20f1848e9deb642b3656ca5a2fe94c3fd616,0,0.14772727,0
0xa4a75f62dd9fe413fb7024cb619626611ab82d9f,0,0.14772727,0
0xddb6e6246546230503f153506ac1e9914978b9b3,0,0.14772727,0
0xaea84eeea4492eaef33972245d3f36d565a49813,0,0.14772727,0
0x0c3905c183527f3ba2aedbe6474c89b2f58ef190,0,0.14772727,0
0x19638e3935ac7eaf616ed3ddffbd7436ad6815b8,0,0.13636364,0
0x65669f839a018a78ef739e3651029c354aa8478b,0,0.13636364,0
0xe43c7b567a3b59c659e1861d83bd1c2fdbfd2832,0,0.13636364,0
0xe81f1a9501108bcf4a55b7da7eaf06784904f166,0,0.13636364,0
0x239141740f50f25b6c1b54c23eaf160822258ba9,0,0.13636364,0
0xd3230713c8fcfbd2ddab97c3f1807008cfd1410c,0,0.13636364,0
0x84cfffc3f16dcc353094de30d4a45226eccd2f63,0,0.13636364,0
0x8b31c61dbe3c7103c7a622a83f36fa6271ce8ee2,0,0.13636364,0
0x41f8623d118df59988e0a9540549219c87783113,0,0.13636364,0
0x6c4c54cbe525e3f94a028f93e050ad7464b96aca,0,0.13636364,0
0x617051f55dadfd5c5b6603d31412756a668bda27,0,0.13636364,0
0x2c3cd2e6131f823c9a418394cf12249a3bc64683,0,0.13636364,0
0x719004b285e9cf5656e62aed9cdb175ea0d77151,0,0.13636364,0
0x8692a1a820d3dd23cf0dcab4030ae369667dfbac,0,0.13636364,0
0xb8ce5678f835acf543ad8a9318bc71c4120d61a5,0,0.13636364,0
0xdedfb327874fb2d36d85a710c2f9dc4309a59815,0,0.13636364,0
0x0484e64092ba4108c2786b61e6fc052d3bf41b1a,0,0.13636364,0
0x0b948c565a52297c711a8b19b77af2b1a3b8c347,0,0.13636364,1
0xd1c5d403a47ffbf05c83592534910c29a40a5f91,0,0.13636364,0
0x09dc4c5d3651ba39e1f46187ef979062ff6b4266,0,0.13636364,0
0x548b29a9ab8f42c2da279cd7c51a20b8ec0dc48f,0,0.13636364,0
0xda3f25d9ab7a4ad6577eb570a9af9dc3ffd4655e,0,0.13636364,0
0x70cb2b554e001c0be11b617b18405a5bf53a2c56,0,0.13636364,0
0xbbe7face11ed5fc130f4b6ef74d54765bdee4393,0,0.13636364,0
0xa1e1f3a1564966d924e855c5e58501e650ea921e,0,0.13636364,0
0x45276a68f064c509ffe6ca6fac7dd9988cf20974,0,0.13636364,0
0x04b48af0dd5e0b374b4380508c5109f6e0662993,0,0.13636364,1
0x48522f3f762497dffeef70961ab98fc048448fd6,0,0.13636364,0
0x87ee71112b4ebb01564a7af3af68986467a7b9f8,0,0.13636364,0
0x86b9a88a75194d15bb36c092ea85202da5596d67,0,0.13636364,0
0x1c5fe5f41c48d0703a51c2bc93615d388d7d5bb0,0,0.13636364,1
0x7066f68ee241b1e1f69428b68628c583409750e5,0,0.13636364,0
0x9f0ea837291fa8fd469360838fd3caa3a27fca51,0,0.13636364,0
0xc9ac29b5e33a24d0c84e152411dcde508dfa4a12,0,0.13636364,0
0x7210ae9360810107bd77572b936b79d0127114a0,0,0.13636364,1
0xd9b1b3c7b1bc9623f6a0568bc37ce6af340a38f5,0,0.13636364,0
0xec5625bde94bdf224d6d941e612a403989921816,0,0.13636364,0
0x975042ec9a04605964f2ac0716b0f1e8af6d031d,0,0.13636364,1
0x7f1d2e22138b04a58a4fb02f934fde2fefa1fbe2,0,0.13636364,0
0x361528e242bc6cc789ac8da6fd5cb98046178fdf,0,0.13636364,0
0x332b6fe3a2fc563067f530bdd3d58b2e74816269,0,0.13636364,0
0xc4382da2bd9b0f3b36281e62cf0620f158b65a9d,0,0.13636364,0
0x90f793c17884abfc2f7630af858098042a55761c,0,0.13636364,0
0x5165b0d1753ae5e6fc0aa2fa598f17a00db3872f,0,0.13636364,0
0xfebe442086ed359f51854a1ab2cd3c3d2c898bca,0,0.13636364,1
0xd3136c0c16ccf63c124bc960f1f361385b947d3f,0,0.13636364,0
0xc8029cb52743628837a1c46eb0b37c728d676241,0,0.13596275,0
0x10658d371ae1f09eed503a3a14c8ac6a1a936218,0,0.1333811,0
0x942e79166821f3f4e67872e44f1672fcccd2be27,0,0.13304633,0
0x5e60d871c2d646de185e541290689b727ef0e468,0,0.13024028,0
0xc789ba6c5ff49cf274e82728739e490cd4962900,0,0.13008438,0
0xe8c523378af6afee8e21f911a3e765b44ca41834,0,0.1253345,0
0x00223bd2fb92f3ae7b9b7332467080508a60b3b2,0,0.125,0
0x2527d5e64d3eeb74feb2309d1ae5bef21539f09c,0,0.125,0
0xffa9d3169d9012065c36e5ff29726c9294321168,0,0.125,0
0xe94433b758c2dbd3bc0f6793de62e188def0771e,0,0.125,0
0x1677480d0af6216d014b1f0255c771b643b6d9ad,0,0.125,0
0x5d6e37ca1936e4cd0aa59d356994c0a822d2f9e5,0,0.125,0
0xc75b52ad61c5d575e5fb398313cc023af1960814,0,0.125,0
0x4608a8e4eb032ada42e2360b0f2c3370a2898e96,0,0.125,0
0x3d1d955fa319f2df43d87237c4a0c10c04049e61,0,0.125,0
0xc42326d252a781d5386675d87fba2e8da58007d6,0,0.11111111,1
0x20ec89acc2678056d12f87a48eadfa684af04bf6,0,0.11111111,0
0xc5d22cd6b78a85faa3549d45231e3744363207d2,0,0.11111111,0
0xe4798bd721cf3f9835590c7a3abb3fa573c470df,0,0.11111111,0
0xcfff4295288ee29f75a38a7028611b7c1e93673d,0,0.0,0
0x5f6d133cd13cb3f72be3911bfb3373fc8890976f,0,0.0,0
0xdce515431f65550fea288718cf750455f8b1adcb,0,0.0,0
0xfe6cdcf1a1d091465dc83e85278d443ac3066a67,0,0.0,0
0x204bbd43f7249811d2f5b9bc3f3efac4912566ba,0,0.0,0
0x3c58ef422754ff22c7e806336feba0064d8b776b,0,0.0,0
