address,predicted_label,predicted_probability,actual_label
0x018564bfe7b7f15a64a669c26fd906b345e53735,0,0.0,0
0x02543bac25af91546ff8b6719372b217242c816d,0,0.0,0
0xa1fa151538ec46f0ed3a3e6a08d3a6df92be6242,0,0.0,0
0xa26f65f33dcac856c0916bca49f9c03464e8e9bf,0,0.0,0
0xa358064cec40972d32cbf85aac2f366be5be1b02,0,0.0,0
0xa5a80a1e959df994ba0158adf89d64a94b9d3f16,0,0.0,0
0xa6a5d178b17d677e08bbe5f76713e42647b18700,0,0.0,0
0xa6f82153fc0df3227ba1a7206f5573a2e43865b5,0,0.0,0
0xa748610477d2c340db01dbb357545c94df3e3f28,0,0.0,0
0xa8cc9f8908eb67627fcfda6f2924871bb45648d3,0,0.0,0
0xa90322f5025458083bd31866d577000e2f0399d7,0,0.0,0
0xab584e15b42e4a55a70fd43d101dbc8e0364e317,0,0.0,0
0xade288a966ab1805c40d14fe0d2b0df31af58757,0,0.0,0
0xafa271f9dba45c66c98726d88b75a614898908a3,0,0.0,0
0xb36b3af57e480c750bcebed7be2d8afd24380cb1,0,0.0,0
0xb3ac7a1141ef0e6341c39727d9a4aa42463ebd58,0,0.0,0
0xb5fac2f76a8af65467ea2e62a29b3d0cf2624936,0,0.0,0
0xb66196b4abfa7e400548986e3ea9527d4e147b36,0,0.0,0
0xb6c4cd191d1d028497e76d339a543cee2be76678,0,0.0,0
0xb803872c95402ae0731e638c55d3bad236db8744,0,0.0,0
0xb9beab3afbd72688df513e45f873c937a2dc987f,0,0.0,0
0xba885afb8738f423cce0397bf120b917cd7cec67,0,0.0,0
0xbaf51855f51eab03ec34b998c9bea96adaddac84,0,0.0,0
0xa1e423c85abbb0f0c1dab4c50ae522ee41f7a26b,0,0.0,0
0xa0e96f0560231505dce335d8bffa354e137c15bd,0,0.0,0
0xa084157a716e34b9e5cf9e05708f7a4be5fdd389,0,0.0,0
0x8f52e74d94f7a9be2e8a10584293b3f5f34314e5,0,0.0,0
0x8527504e852927d05660506a4c3ef73f41aa2b68,0,0.0,0
0x86aca168075106750ed14460f3a4599e43ff29ae,0,0.0,0
0x874128c3018a0b5bfa784a600dfcbeda6aac1ea6,0,0.0,0
0x88f63ace206856f907b956873eafa30591769462,0,0.0,0
0x8a9d6cc7d9c6bc4a1f670d651b46e0f994cf0553,0,0.0,0
0x8bd4a43d51a8910798df452fb9a7ccbd25405588,0,0.0,0
0x8d333caf2481ccb0f6f7c1be5a5464a452281192,0,0.0,0
0x8e1c30883c2941e17514432d408f82f984332dc8,0,0.0,0
0x8e4a02ff7248e0b7640dd42fb8dd14c65f7df43d,0,0.0,0
0x8ff67d216aba44a725cdcd712c55e76db8137273,0,0.0,0
0x9f4d82785bc04b976205d18e40a7b40880340433,0,0.0,0
0x906beaa0948d740a79bc013bc3b3ae034060d2cf,0,0.0,0
0x9819e3e2e1992cb0d6cc1742df4f4d81af314951,0,0.0,0
0x98d3e1470ab7d3d42d7dcd48142fef357da783cf,0,0.0,0
0x98db8cca55c32b24cfb414b5b43d273f4e1fdd17,0,0.0,0
0x992d7ce1da2a2f5a8ce13df7a6b6792ffaafa31d,0,0.0,0
0x99d99d8d2c9975b818ccba15a57efe700ce849a8,0,0.0,0
0x9a2ff0287e41190090e0ffb82ef4e4be93c5861b,0,0.0,0
0x9dcd8af0572df4bbe5a00171ea6333e6325d7e04,0,0.0,0
0x9f420480207a684de72ef1d2c1ab90964923ea0d,0,0.0,0
0xbc4de1a170754cfadf1a4a7004e87f955dc898ba,0,0.0,0
0xbcc9f0c0cb288a615045833dac66cab82f479c32,0,0.0,0
0xbcd3010b19f04b27f993356536cdfe2d73966a62,0,0.0,0
0xec0239b6a1b5f670dff97bee32044af465f04423,0,0.0,0
0xe2af9fe2a30bc19f4607a97ab75453d68837c477,0,0.0,0
0xe2b5fcfb3760122d691bb674f09c26a90d0d5611,0,0.0,0
0xe2d9e81c0b271578cb2350e89cfad897ddb3c70a,0,0.0,0
0xe380a3478f8bf230de7f67a6b0dc12b1e6ab217b,0,0.0,0
0xe3d57cb4fca0c46bcee014ffca17480591612c46,0,0.0,0
0xe41d7e18afba6c55c209bcad51d72ab7c5db577c,0,0.0,0
0xe6a35ee183dfe28f953bb4b3dd7b164f4e065901,0,0.0,0
0xe8c92a62494dfc61f62af6bf9d2615bf79e11e29,0,0.0,0
0xe8d9a5772e6cdce86db40b9bf4fd2a32f2bdf245,0,0.0,0
0xefe8e41faaaaea1b6eae452946eca7713066dc05,0,0.0,0
0xddf6842f3fd6ba9ea2263f3cecf7df6ce8e18b58,0,0.0,0
0xf0216a17a6065e18c79d37d9b5f89d6911b6245e,0,0.0,0
0xf15ebd7370763ba96f783447028cfbdf2a7a56fb,0,0.0,0
0xf4c0096aba66d6fddf66294e35f7881c57fa563b,0,0.0,0
0xf8561c4d47aab7f17892e3dc2fbe877f39042edb,0,0.0,0
0xfc02684163e1a65646d1abc90236a08f3f86ff29,0,0.0,0
0xfc2d258f8899e9a0bd982be73694d429bb596040,0,0.0,0
0xfda216b5b9b83453fc49f43fe8dfb3038f6fb516,0,0.0,0
0xfe35c81c44fb7db7d96ca7ec9a579d15a204933b,0,0.0,0
0xfea66de5f38f546c0ba5d4f54ab8540c6c5653ac,0,0.0,0
0xe0d0f49b1546454c5da08c96e58e4ca45a898db8,0,0.0,0
0xdcf81c27942328b1ace4ba7505b6898668eaad83,0,0.0,0
0xbe46fc770e0c0fe5527221c2350479c5ef8228ed,0,0.0,0
0xd21515da28b7c0ec0d4e39454ea223c7c14d5395,0,0.0,0
0xc12396fe65fe8d4bb33469c709434a116032082b,0,0.0,0
0xc624392c4864259b328dd7b395d0e8ff8b4b8744,0,0.0,0
0xc6fa2acd0f7c5cbaab3c5559f12bd8e5af524fd5,0,0.0,0
0xc905b2cd2753731842289c2e4c00b6d5966fb394,0,0.0,0
0xc9988e1b0da5d2ed8f9cc27bf9a03cb204fcf060,0,0.0,0
0xc9dedabd471cb41682073518bdf0c8755a4079af,0,0.0,0
0xccdd06dc0bcb4ff1988613d995867b7a41f9f037,0,0.0,0
0xcd87a56ed2fddc85bd3a8dd20c75310155855264,0,0.0,0
0xd1f43d377e2ad3111d10c8e1fa4298e5d960c90b,0,0.0,0
0xd27d1e863b5b29af53495f7c072d492bdfdaa84f,0,0.0,0
0xdaef675717d3095aec6b1ef136d51dfa9a70f49c,0,0.0,0
0xd33598d273a7a1bb767a2624aacce62f1f9714a7,0,0.0,0
0xd496deb60063e51e45fe6adda381b77093ab00ec,0,0.0,0
0xd4c09d28eb267cea839877659d276dd195a40ba8,0,0.0,0
0xd5212b13c04793852d733488c588d4de5f9835e8,0,0.0,0
0xd6264c5141bb3808ceafa5e1cb5c214210d5e491,0,0.0,0
0xd64fc75a2ded764e785d51ed5ca5018d16cbac2f,0,0.0,0
0xd663f0f56e5c80d4716d46c776fabb4ec4c66abc,0,0.0,0
0xd7b69413e7e0699586ff77814992cff7e3ee8fa8,0,0.0,0
0xd7dad427f1bdbfc093b836e4daface65d0d6484b,0,0.0,0
0x83d80954c616377a97331e871563d35eb24652a1,0,0.0,0
0x835cfbe44088f63ad06aad4bd0a96ac24103d653,0,0.0,0
0x81b9b60299f8dfeb99c5f9f12d5f8f9d094f75b5,0,0.0,0
0x376b39515c3f70a5132cc7b23c939de3e42c646a,0,0.0,0
0x25489146747581fb10d9ada34b5ee167e68817a3,0,0.0,0
0x282bebefec98487bf62c0e0bea31c3a71c803999,0,0.0,0
0x2880b4fa48a096e57deff6b171c42daf83c3d888,0,0.0,0
0x29feeef4021c2b84b91a10423b2adf220142384f,0,0.0,0
0x2b0d4433fa3e36922d5754b3a879396f1bb43a90,0,0.0,0
0x2c41d0ca2b4b2344912eead711f28cd4dcff133e,0,0.0,0
0x2c691f548d4170570688fbbb67580120f7dd497a,0,0.0,0
0x2e9a9e4c6bb3f95515a889a4cae7de500542a5aa,0,0.0,0
0x30be23d0622ae9ea3072a0091c214c78cdcbf4c1,0,0.0,0
0x38207ca634b885c2ac43548b90164919c4e57656,0,0.0,0
0x219afb024a13832b01e915fc88c542a9fcefe971,0,0.0,0
0x3b8b50a234fc30f5bf27abbde28c12160fb30a0d,0,0.0,0
0x3d4112da9252dfe6904f469fe06d568e0fe9e3dd,0,0.0,0
0x3ea11c7df66cf3d3e8f4f080265f5111df23d469,0,0.0,0
0x40ff30c7221baea03495979e29fd2ea64f999d91,0,0.0,0
0x41260738402302b170cc3a16c01164dcd9a00ca6,0,0.0,0
0x42a220c7a76779ba9c77b771ec372ab2447f2179,0,0.0,0
0x466d68e261a04eeb4581da84e65c2f0a4860cfc2,0,0.0,0
0x467fe62e8239e5ea21b8c7aa8c1b13146f3bad05,0,0.0,0
0x47cf17254941e5a96234bc3e0145c7b04cb6161f,0,0.0,0
0x2258557af39f5e0ce27250f768674b62fde1893c,0,0.0,0
0x2117ab28c7a9a5daa38cb4652a19d999303c0a1d,0,0.0,0
0x47e5b41024bb93a1a50834d8d367d90d2379fce4,0,0.0,0
0x0d60412d975dd5ed2c6cdc0503397e319127ee61,0,0.0,0
0x033b7a33f077b3e12745c554e1d26f5c46655e3f,0,0.0,0
0x05b5e1d6475496320dad6cb5a21c2ff18d0157f4,0,0.0,0
0x07d04ede3ef41e78760aad547aedf68376647ff6,0,0.0,0
0x08dfb33567d8efc3044d9ac8983d46f84c61e1f1,0,0.0,0
0x09a9cd4a1241ae11677842e54c95a4d4bc5dd7f5,0,0.0,0
0x0b2c5b33086870b9a3dc4588c6eb48894609dac5,0,0.0,0
0x0b60dfde39a9215569f25f1784a089fcaa5f5c4e,0,0.0,0
0x0c371c6c1935d5d3cfa87c178703948423811bd7,0,0.0,0
0x0d2abc6a067a2468117a95cfec1331e517842e2b,0,0.0,0
0x0f879bb40209c861add281124663345d1f5ab2ca,0,0.0,0
0x201d55288fc4528afca35d02648f22115bd730ca,0,0.0,0
0x116cfa9f67ca52b3127004cb006644b399c86acf,0,0.0,0
0x124a73f09f38910fe1f7638f22a0f223c3723741,0,0.0,0
0x12e2658494ba49f4f83867215e1c35af7b8a19df,0,0.0,0
0x165b0d82dcfb632134c9c01cdfe4c0945b31711c,0,0.0,0
0x182addd8096bbd0fc0f609a6e3887f67fe82f847,0,0.0,0
0x198b2cf93a77c4381c8604071cd2ac1ba6edcd1a,0,0.0,0
0x19e27eeb3641ae664e77dbb80c86021f048ece3c,0,0.0,0
0x1f5064182f7d459f8758204f24c77dc556399138,0,0.0,0
0x1fe4068b8aeb84eeaeeea728dd6eddb45eefafbb,0,0.0,0
0x47e3e73bb7d9b5842376a69b5bf025e488b4662e,0,0.0,0
0x4a893faa450907b74cd543d581d888afbd63c704,0,0.0,0
0x80fbccb5877ad664644f95ad012dd1fe1300f0bc,0,0.0,0
0x738e90ba8d8e0c0cae08c6419554346b5301dc37,0,0.0,0
0x6ce05e62f92a77895ac8609e54089cc18467b81e,0,0.0,0
0x6dedc49e534ea12b2ce689a1ba4114e7c4fe4f7e,0,0.0,0
0x6e459430813318d0f4c4364dce92f577e1eea8bc,0,0.0,0
0x6f2062f3a7a65dc4e48e7c55faccfb8cfe525a8d,0,0.0,0
0x6f2f6eac2acb7b51fbcf4c4748d642700e6f4178,0,0.0,0
0x6fcebea79e53c2a37762a88f137473505a661dbb,0,0.0,0
0x7003b9514a030187aca1c2c58f866d275b130cef,0,0.0,0
0x704e6e6a4560c1633505d4be6509ba388bc57fa0,0,0.0,0
0x723db13b76d5fe61cf84323aaa6cbf36fd4905d7,0,0.0,0
0x73edfe80f3dd74867bbf746484a5fcec6d054184,0,0.0,0
0x672874646032c605f9bb568bb7daa7367918a389,0,0.0,0
0x75d4b0f46de070cb03497186347355560e07fa02,0,0.0,0
0x76ef03781c3917095385a2b2039dccfe4f646559,0,0.0,0
0x79eb627ee4d163cb14f5868e772c150d53aad9a1,0,0.0,0
0x7a7a1e5ffdf7549c754b5617581a2130b98117c7,0,0.0,0
0x7bda07f36a6bf79b121cb126d357a519ef73c3ff,0,0.0,0
0x7c1bc4252e0363f41cdef193078f5e4b1fa1fa63,0,0.0,0
0x7c1c913e45c0dbd78925cd41c98cef2b6e3e9a74,0,0.0,0
0x7c2e85c55a6ecad322441946e6b7b4ed7de0a1c0,0,0.0,0
0x7d9a514f9da9e8aa7fa37306943c7d1720d805e6,0,0.0,0
0x6c2323b2392fabd5ec3f911cf15715c9ea63261e,0,0.0,0
0x66fca06dc63aa8453bdd45a14e6c380948892720,0,0.0,0
0x4bb34edf69ef1bc61bf1b6da794a78c30511b70f,0,0.0,0
0x548254ca3e01e6c33498be4ed54ae03cd45023cd,0,0.0,0
0x4d39c265c6e3f583bb9c4d651ab19becd921641c,0,0.0,0
0x4eda2774454554e14136069ad6238f8f36557cb4,0,0.0,0
0x4f13591c58ff673e5003d9e9c23939ec83764782,0,0.0,0
0x505342f85906cfbd09ea60a046cec8545fded738,0,0.0,0
0x5187ce3f9f3bcabbc2f9f382b6301b5c7949aa17,0,0.0,0
0x518df18949d940c40b7d23e088bc4b79f8b1612d,0,0.0,0
0x52aae03f0e175d70f3c60c33530033b2c227a3cf,0,0.0,0
0x53f2de101c3f43155e21133e5dd8a70e6dcfdefd,0,0.0,0
0x54744fb32c52b2ff8caaae2e29e096d70ed088fc,0,0.0,0
0x5554686f99af84319c3912a5a5607cd76c81fc3d,0,0.0,0
0x6691e6f5e3526039d3efab3634806e93e0110fd6,0,0.0,0
0x567413e35ab590047ae47ccb2e1f35bc3c10f922,0,0.0,0
0x595bb32c0055139c3347e2788933ef14e83e8b54,0,0.0,0
0x596354f89833b49513aff85e7d7f72bdd7f1dff1,0,0.0,0
0x5993523a009df783ebc5a0c5b3e16e020e2e0586,0,0.0,0
0x5b17dccddcf111b6a80d4b608352794c7d7728e8,0,0.0,0
0x5b8b7c3e53743510d312c9ff452f2f37ff0b70aa,0,0.0,0
0x5fa1a88fd1b6b8a297b8877e18a4ab07b99ef3f9,0,0.0,0
0x6316497da999cfa87862084df2192203bd79b4c9,0,0.0,0
0x65e4c55d0f85ad7977dd160f6c739c90796fbceb,0,0.0,0
0xffa5b689a6c636b3e774455bd6c73ee84886f57b,0,0.0,0
