fold,seed_index,seed,start,end,strategy,target_count,status,total_trades,requested_trades,total_requested_notional,total_filled_notional,fill_rate,skipped_liquidity,skipped_capital,capital_capped_trades,liquidity_capped_trades,market_exposure_capped_trades,win_rate,total_net_profit,roi_pct,max_drawdown,sharpe,unique_markets,top_market_share,market_hhi,effective_markets,reason,profit_per_filled_notional,equal_capital_budget,equal_capital_supported,equal_capital_net_profit,equal_capital_roi
1,0,20000,2026-03-19T08:59:49,2026-03-20T04:57:17,baseline_random_wallets,20,ok,32,37,3700.0,378.90230540000005,0.10240602820971344,5,0,0,36,0,0.84375,-87.53304379485661,-0.2310174423253382,0.014419169431202743,-13.357131508810184,24,0.2639202733127524,0.1536811683127472,6.506978122166282,,-0.23101744842235683,378.90230540000005,True,-87.53304379485661,-0.23101744842235683
1,1,20001,2026-03-19T08:59:49,2026-03-20T04:57:17,baseline_random_wallets,20,ok,20,24,2400.0,1555.9202434000001,0.6483000987154163,4,0,0,12,0,0.4,17140.338769090555,11.016206474358471,0.021923858107898334,12.885502478801628,17,0.12854129306972678,0.08404143979601912,11.898891813695082,,11.016206545160342,378.90230540000005,True,4174.066056723824,11.016206545160344
1,2,20002,2026-03-19T08:59:49,2026-03-20T04:57:17,baseline_random_wallets,20,ok,33,34,3400.0,2811.1866735,0.8268196074211187,1,0,0,8,0,0.45454545454545453,16551.88192317652,5.887862951374328,0.141071776966375,12.57365379455132,20,0.3201494971799495,0.15357393474976985,6.511521643496203,,5.887862972318732,378.90230540000005,True,2230.9248540908643,5.887862972318732
1,3,20003,2026-03-19T08:59:49,2026-03-20T04:57:17,baseline_random_wallets,20,ok,56,58,5800.0,4634.5473667,0.7990598894326554,2,0,0,16,0,0.5892857142857143,8988.01467261845,1.9393511258090343,0.06664641207869657,14.724865361438177,36,0.15103956106471528,0.055745007128062685,17.938826300671302,,1.9393511299935877,378.90230540000005,True,734.8246141346656,1.9393511299935877
1,4,20004,2026-03-19T08:59:49,2026-03-20T04:57:17,baseline_random_wallets,20,ok,71,74,7400.0,6148.755302599999,0.8309128776068744,3,0,0,18,0,0.7605633802816901,113245.01626342215,18.41755127763192,0.01789282949805681,19.818980254444007,36,0.13010763327363511,0.05228893560468486,19.1245048007901,,18.417551307585217,378.90230540000005,True,6978.452650266824,18.417551307585217
1,5,20005,2026-03-19T08:59:49,2026-03-20T04:57:17,baseline_random_wallets,20,ok,111,122,12200.0,9452.435758651583,0.7747898156478431,9,2,0,30,3,0.5225225225225225,34778.248714647474,3.6792896101962818,0.0847438711621196,13.688665057411331,21,0.30679922869041465,0.1903057157641839,5.254702918325078,,3.6792896140887064,378.90230540000005,True,1394.0913170124873,3.6792896140887064
1,6,20006,2026-03-19T08:59:49,2026-03-20T04:57:17,baseline_random_wallets,20,ok,41,42,4200.0,3362.334971,0.800555943570105,1,0,0,13,0,0.6585365853658537,20502.906296077526,6.097817859296014,0.06946342801605175,13.351874309693743,22,0.14870618314727096,0.08834492580291661,11.31926922697111,,6.0978178774316785,378.90230540000005,True,2310.477251668198,6.0978178774316785
1,7,20007,2026-03-19T08:59:49,2026-03-20T04:57:17,baseline_random_wallets,20,ok,96,132,13200.0,3629.3522508723036,0.2749509278880905,33,3,0,101,5,0.40625,61595.66814710142,16.971532030979294,0.10044338228158012,95.87622280466034,48,0.2588057465203456,0.09869039777030954,10.132698039452471,,16.97153207774117,378.90230540000005,True,6430.552630426182,16.97153207774117
1,8,20008,2026-03-19T08:59:49,2026-03-20T04:57:17,baseline_random_wallets,20,ok,18,22,2200.0,1118.7923129,0.5085419580975366,4,0,0,13,0,0.5555555555555556,-6.988331550265432,-0.006246317039565585,0.034049496652613954,-0.3997346249096741,15,0.17876418857543258,0.09893287855214503,10.10786317586954,,-0.006246317095396474,378.90230540000005,True,-2.366743947705156,-0.006246317095396474
1,9,20009,2026-03-19T08:59:49,2026-03-20T04:57:17,baseline_random_wallets,20,ok,11,14,1400.0,477.2334791,0.34088105406513536,3,0,0,11,0,0.45454545454545453,13799.271874617147,28.915137327518174,0.0070568396294486396,13.515295763543081,10,0.20954104097765086,0.16718864132090588,5.981267579539546,,28.915137933408968,378.90230540000005,True,10956.01242392765,28.915137933408968
1,10,20010,2026-03-19T08:59:49,2026-03-20T04:57:17,baseline_random_wallets,20,ok,29,29,2900.0,1478.1234232000002,0.5096977303803527,0,0,0,23,0,0.7241379310344828,13007.074370544595,8.79972137535597,0.03160803109133103,13.277872494153307,23,0.13530669825055514,0.07807140457406803,12.808787102725665,,8.799721434889033,378.90230540000005,True,3334.234738557251,8.799721434889033
1,11,20011,2026-03-19T08:59:49,2026-03-20T04:57:17,baseline_random_wallets,20,ok,566,566,56600.0,47653.050190099995,0.8419266816551365,0,0,0,183,0,0.5070671378091873,406032.02444948733,8.520588351522465,0.10655593629137923,58.44205733895037,104,0.06295504669758274,0.02741612476858695,36.47488507003686,,8.520588353310513,378.90230540000005,True,3228.4705704337434,8.520588353310513
1,12,20012,2026-03-19T08:59:49,2026-03-20T04:57:17,baseline_random_wallets,20,ok,71,75,7500.0,4914.8401582,0.6553120202195839,4,0,0,40,0,0.8169014084507042,124292.4975880557,25.28922474269928,0.020020000000000072,47.87757833590171,40,0.10173270826840457,0.051185339781686046,19.536844031223897,,25.2892247941541,378.90230540000005,True,9582.14557628383,25.2892247941541
1,13,20013,2026-03-19T08:59:49,2026-03-20T04:57:17,baseline_random_wallets,20,ok,104,104,10400.0,8474.7374167,0.8148785969760782,0,0,0,42,0,0.8269230769230769,113806.31607572743,13.428889928456789,0.004045174177557099,19.45952754612248,63,0.07079865375152067,0.02953446556074796,33.85874709475105,,13.428889944302577,378.90230540000005,True,5088.2373588591245,13.428889944302577
1,14,20014,2026-03-19T08:59:49,2026-03-20T04:57:17,baseline_random_wallets,20,ok,24,29,2900.0,1607.4283325,0.5542856299852219,5,0,0,14,0,0.7083333333333334,28013.61761263087,17.427599645942458,0.010322477785519632,0.0,16,0.18663351512127213,0.09851512503312321,10.15072558314041,,17.427599754361598,378.90230540000005,True,6603.357724516084,17.427599754361598
1,15,20015,2026-03-19T08:59:49,2026-03-20T04:57:17,baseline_random_wallets,20,ok,126,126,12600.0,8973.9506661,0.7122183062680807,0,0,0,62,0,0.5079365079365079,19950.619127704438,2.2231701340679537,0.16501719147652663,242.5847063386809,60,0.08914691307832573,0.03600694485479965,27.772420127077297,,2.223170136545313,378.90230540000005,True,842.364290033452,2.223170136545313
1,16,20016,2026-03-19T08:59:49,2026-03-20T04:57:17,baseline_random_wallets,20,ok,69,71,7100.0,5148.813228599999,0.7251849607532606,2,0,0,31,0,0.5507246376811594,25679.747316526664,4.987508019131256,0.07275963522101969,13.249955601445906,45,0.0971097567149379,0.04397683940122361,22.73924214690554,,4.9875080288179685,378.90230540000005,True,1889.7782903201382,4.9875080288179685
1,17,20017,2026-03-19T08:59:49,2026-03-20T04:57:17,baseline_random_wallets,20,ok,33,39,3900.0,2927.7708483,0.7507104719981783,6,0,0,21,0,0.48484848484848486,-69.71933404487089,-0.02381311155113866,0.06680269650294057,-2.8482352756987415,16,0.1780154554454377,0.10384188866067154,9.63002515552988,,-0.02381311163247396,378.90230540000005,True,-9.022842896291943,-0.02381311163247396
1,18,20018,2026-03-19T08:59:49,2026-03-20T04:57:17,baseline_random_wallets,20,ok,20,21,2100.0,1418.7900581,0.6756143101637413,1,0,0,10,0,0.6,10163.999995203696,7.163850539787759,0.033855894388135854,12.998676312814808,16,0.21144777431112732,0.09679011817564011,10.331633216785114,,7.163850590280434,378.90230540000005,True,2714.3995041984076,7.163850590280434
1,19,20019,2026-03-19T08:59:49,2026-03-20T04:57:17,baseline_random_wallets,20,ok,42,42,4200.0,2272.8645925000005,0.541158235021052,0,0,0,34,0,0.7380952380952381,6890.875967028747,3.0318022285398083,0.02957778381041994,27.517502940619515,25,0.13649699569597215,0.07773995698707123,12.863397907028787,,3.0318022418789323,378.90230540000005,True,1148.756858964816,3.0318022418789323
2,0,30000,2026-03-20T04:57:19,2026-03-21T15:23:05,baseline_random_wallets,20,ok,35,36,3600.0,2456.1961104,0.6822766954381203,1,0,0,16,0,0.8285714285714286,3492.5060275338988,1.421916596368995,0.01153002977606375,13.784281748655815,30,0.1221400843074961,0.047534620833993485,21.03729834076785,,1.4219166021580956,547.387,True,778.3386631055134,1.4219166021580956
2,1,30001,2026-03-20T04:57:19,2026-03-21T15:23:05,baseline_random_wallets,20,ok,38,39,3900.0,3004.3474647,0.7703455017939858,1,0,0,16,0,0.6578947368421053,17422.976147622303,5.7992546782099765,0.021528017916984166,1084.4212392164072,32,0.06657019614073535,0.044075589052013316,22.688295755274115,,5.799254697512852,547.387,True,3174.4366311074673,5.799254697512852
2,2,30002,2026-03-20T04:57:19,2026-03-21T15:23:05,baseline_random_wallets,20,ok,18,18,1800.0,1461.3613534,0.8118674140451811,0,0,0,4,0,0.2777777777777778,9192.249782373057,6.290196259867162,0.04952529875877006,11.506813026468521,17,0.1368586896968915,0.07551732411394377,13.241994624851342,,6.290196302910563,547.387,True,3443.171683661304,6.290196302910563
2,3,30003,2026-03-20T04:57:19,2026-03-21T15:23:05,baseline_random_wallets,20,ok,31,32,3200.0,3001.48891,0.9379652814438585,1,0,0,2,0,0.7741935483870968,30960.15438428525,10.31493209186501,0.009514438169372455,30.991207820220875,21,0.1332671923815304,0.06438077012173707,15.532588350669124,,10.314932126231062,547.387,True,5646.259751781242,10.314932126231062
2,4,30004,2026-03-20T04:57:19,2026-03-21T15:23:05,baseline_random_wallets,20,ok,32,32,3200.0,2375.182887,0.7422446498679854,0,0,0,13,0,0.5,9664.514661148638,4.068955983707825,0.02788437168207188,17.304181585317007,28,0.08420404217908968,0.04577340679122735,21.846746180833843,,4.068956000838953,547.387,True,2227.2936184312316,4.068956000838953
2,5,30005,2026-03-20T04:57:19,2026-03-21T15:23:05,baseline_random_wallets,20,ok,29,31,3100.0,1988.9210968999998,0.6415874485432662,2,0,0,16,0,0.6206896551724138,10576.309927059996,5.3176115886992585,0.019306961763211068,20.804395910034124,28,0.10055703080012918,0.051855695536777,19.284284776216758,,5.31761161543542,547.387,True,2910.791469338348,5.31761161543542
2,6,30006,2026-03-20T04:57:19,2026-03-21T15:23:05,baseline_random_wallets,20,ok,206,214,21400.0,17377.822398799995,0.8120477752653981,8,0,0,45,0,0.529126213592233,205619.90899895274,11.832317315823667,0.019186380999960933,13.562749264094561,57,0.1381070622614792,0.05629965636871178,17.76209775510716,,11.832317322632528,547.387,True,6476.856682283851,11.832317322632528
2,7,30007,2026-03-20T04:57:19,2026-03-21T15:23:05,baseline_random_wallets,20,ok,35,37,3700.0,2806.8573815000004,0.7586101010578106,2,0,0,13,0,0.9428571428571428,3212.109078961668,1.1443791511064616,0.011671042642110184,22.748395348714045,26,0.24938922961091672,0.09111287282169328,10.97539753748065,,1.144379155183545,547.387,True,626.418272618455,1.144379155183545
2,8,30008,2026-03-20T04:57:19,2026-03-21T15:23:05,baseline_random_wallets,20,ok,94,95,9500.0,6794.909499200001,0.7152536307418385,1,0,0,48,0,0.4787234042553192,18591.701599116404,2.73612202987311,0.053406431749693034,11.751569308930067,53,0.07358449734449997,0.03260293686069695,30.67208344673717,,2.736122033899833,547.387,True,1497.717631770328,2.736122033899833
2,9,30009,2026-03-20T04:57:19,2026-03-21T15:23:05,baseline_random_wallets,20,ok,7,7,700.0,547.387,0.7819814174002654,0,0,0,2,0,0.5714285714285714,-102.86781781397428,-0.18792520818857997,0.021742720999999982,-5.995225555021709,6,0.36537221380851204,0.23764721393632032,4.207918045561262,,-0.1879252116217124,547.387,True,-102.86781781397428,-0.1879252116217124
2,10,30010,2026-03-20T04:57:19,2026-03-21T15:23:05,baseline_random_wallets,20,ok,116,118,11800.0,10051.9890104,0.851863474735709,2,0,0,22,0,0.5517241379310345,18953.625156771075,1.8855596756329178,0.06154101390328306,35.99179029679531,51,0.11937935852879013,0.042874470755615755,23.323903068098367,,1.8855596775087253,547.387,True,1032.1308551924685,1.8855596775087253
2,11,30011,2026-03-20T04:57:19,2026-03-21T15:23:05,baseline_random_wallets,20,ok,21,21,2100.0,1800.6298039000003,0.8574427596788441,0,0,0,4,0,0.6190476190476191,-503.58642460214463,-0.2796723794722816,0.058967469852274794,-13.987971937185945,16,0.2776806198126042,0.11646152828542015,8.586526509846516,,-0.2796723810254736,547.387,True,-153.0890256323909,-0.2796723810254736
2,12,30012,2026-03-20T04:57:19,2026-03-21T15:23:05,baseline_random_wallets,20,ok,37,41,4100.0,3173.831215689633,0.7741051726703858,3,1,0,8,3,0.8108108108108109,2534.5566787023954,0.7985795395127441,0.01718515124854571,15.183460913218047,20,0.37509436900883075,0.1698081088681677,5.8890002760490106,,0.7985795420288815,547.387,True,437.1320597725633,0.7985795420288815
2,13,30013,2026-03-20T04:57:19,2026-03-21T15:23:05,baseline_random_wallets,20,ok,33,42,4200.0,2723.3346515000003,0.6484130107180643,0,9,0,8,9,0.8787878787878788,415.64805308187294,0.1526246696588277,0.009916499811510306,24.337962829464114,16,0.3671968846903206,0.19978142837961188,5.005470268737212,,0.15262467021926074,547.387,True,83.54476035731047,0.15262467021926074
2,14,30014,2026-03-20T04:57:19,2026-03-21T15:23:05,baseline_random_wallets,20,ok,34,38,3800.0,2689.0375232,0.7076414516114699,4,0,0,12,0,0.5882352941176471,19070.17251701274,7.09182087701056,0.04634924749305486,15.596709543791963,22,0.4462563239251417,0.2216038397705447,4.5125571877970625,,7.091820903383643,547.387,True,3881.9705688404615,7.091820903383643
2,15,30015,2026-03-20T04:57:19,2026-03-21T15:23:05,baseline_random_wallets,20,ok,138,147,14700.0,5193.4202265,0.3532938927188477,9,0,0,110,0,0.3333333333333333,17266.857023588298,3.3247563719636415,0.07549213008773324,11.206955768804344,76,0.11553080125086619,0.03884941679749296,25.740412146020486,,3.324756378365504,547.387,True,1819.928419684358,3.324756378365504
2,16,30016,2026-03-20T04:57:19,2026-03-21T15:23:05,baseline_random_wallets,20,ok,292,292,29200.0,22671.4005583,0.7764178270731446,0,0,0,125,0,0.4726027397260274,49913.654808043415,2.2016132023989092,0.0685756155670102,12.295987466536182,112,0.057340965621291096,0.018853893555731645,53.03944233290724,,2.2016132033700067,547.387,True,1205.1344465530976,2.2016132033700067
2,17,30017,2026-03-20T04:57:19,2026-03-21T15:23:05,baseline_random_wallets,20,ok,22,22,2200.0,1968.9979567,0.894999067159095,0,0,0,3,0,0.8636363636363636,13989.837888634796,7.1050545126166265,0.009883457937217583,13.078601328355191,17,0.10157450865779255,0.07539945482794919,13.262695364069376,,7.105054548701247,547.387,True,3889.214494249929,7.105054548701247
2,18,30018,2026-03-20T04:57:19,2026-03-21T15:23:05,baseline_random_wallets,20,ok,226,229,22900.0,9083.510832,0.3966598614861747,3,0,0,152,0,0.8362831858407079,19603.40892224223,2.1581312846130722,0.09406689438868458,87.4207586362312,113,0.13210751021208228,0.042496129890878954,23.531554580800364,,2.1581312869889504,547.387,True,1181.3330107910206,2.1581312869889504
2,19,30019,2026-03-20T04:57:19,2026-03-21T15:23:05,baseline_random_wallets,20,ok,17,18,1800.0,950.3622217,0.5279790091223389,1,0,0,11,0,0.5294117647058824,8494.878893559087,8.938569537179019,0.034748202166850026,13.404087457036002,15,0.3156691134706118,0.15591768969372208,6.413640440442367,,8.938569631233362,547.387,True,4892.856814731936,8.938569631233362
3,0,40000,2026-03-21T15:23:07,2026-03-25T02:47:33,baseline_random_wallets,20,ok,204,209,20900.0,15062.827257767482,0.7207094378258558,4,1,4,109,2,0.21568627450980393,-3806.956042353012,-0.25273847828683593,0.5630910787368727,-8.681369208449516,105,0.03983315945488232,0.016377344973876544,61.05995822858328,,-0.2527384784546255,379.6824775,True,-95.96037165923258,-0.2527384784546255
3,1,40001,2026-03-21T15:23:07,2026-03-25T02:47:33,baseline_random_wallets,20,ok,26,26,2600.0,1993.9310768999999,0.7668965650888593,0,0,0,14,0,0.6153846153846154,-313.0505007794608,-0.15700166512081717,0.06238507396556997,-7.242776098232592,20,0.30091310925994025,0.12428040625672487,8.046320656003564,,-0.15700166590821482,379.6824775,True,-59.61078148365829,-0.15700166590821482
3,2,40002,2026-03-21T15:23:07,2026-03-25T02:47:33,baseline_random_wallets,20,ok,17,18,1800.0,1222.0991628000002,0.6789439755614225,1,0,0,9,0,0.6470588235294118,20010.455034850085,16.373838948768235,0.01584604798879977,13.72306428902504,16,0.16365284101968622,0.08922398641224893,11.207748501390844,,16.373839082749498,379.6824775,True,6216.859789124657,16.373839082749498
3,3,40003,2026-03-21T15:23:07,2026-03-25T02:47:33,baseline_random_wallets,20,ok,8,10,1000.0,414.2577889,0.41425778475742214,2,0,0,7,0,0.625,-16.380739888889046,-0.039542381416561544,0.00994005879360914,-4.3449043290917375,8,0.24139558188039179,0.19633899063587318,5.093231847435654,,-0.039542382371097154,379.6824775,True,-15.013549704910492,-0.039542382371097154
3,4,40004,2026-03-21T15:23:07,2026-03-25T02:47:33,baseline_random_wallets,20,ok,32,41,4100.0,379.6824775,0.09260548209120614,9,0,0,39,0,0.78125,-224.22186380794855,-0.5905509766445274,0.02375153113891675,-32.69878246742344,31,0.26337796955615367,0.15105030475843,6.620311038758038,,-0.5905509921983391,379.6824775,True,-224.22186380794855,-0.5905509921983391
3,5,40005,2026-03-21T15:23:07,2026-03-25T02:47:33,baseline_random_wallets,20,ok,566,596,59600.0,42046.25279128985,0.7054740400039448,2,28,0,270,32,0.6183745583038869,273131.98391948635,6.495988720096062,0.3562881143540376,9.24970560544458,146,0.057079997399843804,0.020837556350738484,47.99027213978284,,6.495988721641025,379.6824775,True,2466.413091644722,6.495988721641025
3,6,40006,2026-03-21T15:23:07,2026-03-25T02:47:33,baseline_random_wallets,20,ok,96,105,10500.0,8808.257756123861,0.8388816902604804,1,8,0,20,10,0.3020833333333333,7843.953435172563,0.8905226939815537,0.38767612127993245,6.557751279856462,32,0.10964328706472169,0.05765021257667903,17.34598981174486,,0.8905226949925626,379.6824775,True,338.11586310475303,0.8905226949925626
3,7,40007,2026-03-21T15:23:07,2026-03-25T02:47:33,baseline_random_wallets,20,ok,27,27,2700.0,2264.1113239,0.8385597464868157,0,0,0,6,0,0.6296296296296297,9756.958840929237,4.3093988775377845,0.04424065444612021,8.181840566603327,23,0.1325023186065078,0.06268173356079768,15.953611095169496,,4.309398896571296,379.6824775,True,1636.203249585956,4.309398896571296
3,8,40008,2026-03-21T15:23:07,2026-03-25T02:47:33,baseline_random_wallets,20,ok,18,19,1900.0,1667.5227052999999,0.8776435244860866,1,0,0,3,0,0.7777777777777778,9005.00134744038,5.4002270942499955,0.029169647245248596,9.721866757961818,17,0.11993839685920109,0.0658761330551114,15.180004557392715,,5.400227126634724,379.6824775,True,2050.371614503378,5.400227126634724
3,9,40009,2026-03-21T15:23:07,2026-03-25T02:47:33,baseline_random_wallets,20,ok,27,36,3600.0,1539.8437993,0.42773438750629333,9,0,0,23,0,0.7037037037037037,1854.4000665795452,1.204278028316742,0.010651678246354697,20.86679772205766,22,0.19482495571068797,0.10149501253504191,9.852700886703596,,1.2042780361375225,379.6824775,True,457.24326835952905,1.2042780361375225
3,10,40010,2026-03-21T15:23:07,2026-03-25T02:47:33,baseline_random_wallets,20,ok,511,517,51700.0,19237.598497799998,0.3721005511427271,6,0,0,451,0,0.5322896281800391,83512.21374684991,4.341093495271221,0.04546752705179247,16.526694263321613,157,0.04158523217393728,0.016642033356160928,60.088811180623985,,4.341093497527788,379.6824775,True,1648.2371342004906,4.341093497527788
3,11,40011,2026-03-21T15:23:07,2026-03-25T02:47:33,baseline_random_wallets,20,ok,120,123,12300.0,9593.2243324,0.7799369369594008,3,0,0,51,0,0.675,48030.963607072496,5.006759134651518,0.02693356127535151,18.72433584570638,62,0.06254414357574957,0.029718893606314106,33.6486281503945,,5.006759139870575,379.6824775,True,1900.978714471829,5.006759139870575
3,12,40012,2026-03-21T15:23:07,2026-03-25T02:47:33,baseline_random_wallets,20,ok,33,35,3500.0,2302.8169507000002,0.6579476983201494,2,0,0,20,0,0.8181818181818182,22.331678123944144,0.009697548048784501,0.0384385317207143,0.42289244325669706,28,0.13027522656927093,0.05938405038802624,16.839538452931677,,0.009697548090896178,379.6824775,True,3.681989084826856,0.009697548090896178
3,13,40013,2026-03-21T15:23:07,2026-03-25T02:47:33,baseline_random_wallets,20,ok,185,186,18600.0,16723.109957110755,0.8990919326946148,1,0,0,27,3,0.3837837837837838,44343.83873937561,2.6516502508556354,0.08746891264810579,8.974880674387048,53,0.10165573295636621,0.041210228538031156,24.265820294520882,,2.651650252441256,379.6824775,True,1006.7851373103965,2.651650252441256
3,14,40014,2026-03-21T15:23:07,2026-03-25T02:47:33,baseline_random_wallets,20,ok,14,14,1400.0,891.5940152,0.636852863451051,0,0,0,7,0,0.6428571428571429,10563.657706090136,11.848057981008257,0.019976934525170926,9.247632872761663,13,0.22431734241187848,0.12306595400641046,8.125724194588459,,11.848058113894501,379.6824775,True,4498.500058247441,11.848058113894501
3,15,40015,2026-03-21T15:23:07,2026-03-25T02:47:33,baseline_random_wallets,20,ok,16,16,1600.0,1403.1399416,0.8769624580189846,0,0,0,3,0,0.625,10864.045102745204,7.742666788410477,0.010653155839581737,14.54549928785458,14,0.14253745764798062,0.08953447701885024,11.168881902213645,,7.742666843591479,379.6824775,True,2939.754929631918,7.742666843591479
3,16,40016,2026-03-21T15:23:07,2026-03-25T02:47:33,baseline_random_wallets,20,ok,23,23,2300.0,2004.7489397,0.8716299699929131,0,0,0,3,0,0.6956521739130435,1000.0731908327974,0.4988520836898072,0.03200414285241539,7.2892246368128895,17,0.09976311549012663,0.07962347978265052,12.55910948290273,,0.49885208617815907,379.6824775,True,189.40539598616695,0.49885208617815907
3,17,40017,2026-03-21T15:23:07,2026-03-25T02:47:33,baseline_random_wallets,20,ok,64,94,9400.0,3375.0557426,0.35904848287335267,30,0,0,70,0,0.359375,17137.19532998898,5.077603626780745,0.07408661361666603,12.767212129349126,50,0.08888742079527633,0.04119514751800272,24.27470370297835,,5.077603641825249,379.6824775,True,1927.8771304912332,5.077603641825249
3,18,40018,2026-03-21T15:23:07,2026-03-25T02:47:33,baseline_random_wallets,20,ok,93,95,9500.0,5509.485009400001,0.5799457898526887,2,0,0,53,0,0.4731182795698925,29229.57619488782,5.3053191163901205,0.05794136756366261,13.83453309167425,73,0.09075258379810922,0.029869722005078245,33.4787180084899,,5.305319126019549,379.6824775,True,2014.3367096952372,5.305319126019549
3,19,40019,2026-03-21T15:23:07,2026-03-25T02:47:33,baseline_random_wallets,20,ok,13,13,1300.0,1094.5023856999999,0.8419249056005775,0,0,0,3,0,0.6923076923076923,9028.692027635589,8.249129525076278,0.010010000000000036,9.75040578755374,12,0.18273144272050898,0.10651764797509694,9.388115669187446,,8.249129600445045,379.6824775,True,3132.0499639155596,8.249129600445045
4,0,50000,2026-03-25T02:48:13,2026-03-29T10:24:44,baseline_random_wallets,20,ok,46,48,4800.0,4253.8978987,0.8862287270495235,2,0,0,7,0,0.30434782608695654,8094.487785658475,1.902840161985027,0.11689853509283148,9.248398308085239,30,0.09403140590709543,0.04949332628781056,20.204744255515607,,1.9028401664581953,1124.9568267,True,2140.613035376111,1.902840166458195
4,1,50001,2026-03-25T02:48:13,2026-03-29T10:24:44,baseline_random_wallets,20,ok,29,30,3000.0,1603.8462314,0.5346154086846153,1,0,0,21,0,0.5517241379310345,-640.0441712970859,-0.3990682864576783,0.0854673076493832,-10.895217894452003,20,0.1977244033695087,0.09610684030316323,10.405086639468745,,-0.3990682889458737,1124.9568267,True,-448.93459596914875,-0.3990682889458737
4,2,50002,2026-03-25T02:48:13,2026-03-29T10:24:44,baseline_random_wallets,20,ok,349,381,38100.0,32241.21222728379,0.846226042488754,0,32,0,56,38,0.5673352435530086,152997.26577651908,4.745394331035506,0.20818757108044503,9.934921728377569,70,0.04652430527195378,0.026792412052760617,37.32400046814608,,4.745394332507347,1124.9568267,True,5338.363749737629,4.745394332507347
4,3,50003,2026-03-25T02:48:13,2026-03-29T10:24:44,baseline_random_wallets,20,ok,36,38,3800.0,2809.9800219000003,0.73946842486982,2,0,0,13,0,0.8055555555555556,7430.365128840688,2.644276843425311,0.016940936876170792,17.276301054399028,29,0.14234976650458014,0.05411101496455457,18.480525650000285,,2.644276852835616,1124.9568267,True,2974.6972972822173,2.644276852835616
4,4,50004,2026-03-25T02:48:13,2026-03-29T10:24:44,baseline_random_wallets,20,ok,29,30,3000.0,2462.5547517,0.8208515811638281,1,0,0,9,0,0.6206896551724138,8223.98077486717,3.339613357142087,0.08567077219453019,7.6488210915346535,24,0.16243293665810438,0.06860622858541537,14.575936042818489,,3.3396133707036677,1124.9568267,True,3756.9208599116887,3.3396133707036677
4,5,50005,2026-03-25T02:48:13,2026-03-29T10:24:44,baseline_random_wallets,20,ok,59,59,5900.0,5153.5759425,0.8734874464008687,0,0,0,17,0,0.8135593220338984,23696.177886648897,4.598006918895584,0.0375454399343931,16.031253877274015,34,0.11642401445023434,0.05389032580802091,18.5562062393611,,4.598006927817558,1124.9568267,True,5172.559282662255,4.598006927817558
4,6,50006,2026-03-25T02:48:13,2026-03-29T10:24:44,baseline_random_wallets,20,ok,93,95,9500.0,8525.427395499999,0.8974134091079858,2,0,0,15,0,0.6774193548387096,13306.41592567342,1.560791652168555,0.05882638860278241,12.306903910498162,59,0.058648086108142386,0.026269034298123863,38.06763463974845,,1.5607916539993039,1124.9568267,True,1755.8232262229012,1.5607916539993039
4,7,50007,2026-03-25T02:48:13,2026-03-29T10:24:44,baseline_random_wallets,20,ok,28,29,2900.0,1794.3642035,0.6187462749353576,1,0,0,13,0,0.8214285714285714,165.17960435032953,0.09205466934058955,0.022950836185944477,6.054588654787128,27,0.11146009244382475,0.057960823939319187,17.253032859693782,,0.09205466985361065,1124.9568267,True,103.55752928143399,0.09205466985361065
4,8,50008,2026-03-25T02:48:13,2026-03-29T10:24:44,baseline_random_wallets,20,ok,32,33,3300.0,1958.7882829,0.5935722051406902,1,0,0,18,0,0.71875,16612.2389220486,8.480875131969501,0.019437802478760507,8.34287304072446,27,0.20420787866251536,0.08659534500418095,11.547964846744573,,8.48087517526604,1124.9568267,True,9540.618424806089,8.48087517526604
4,9,50009,2026-03-25T02:48:13,2026-03-29T10:24:44,baseline_random_wallets,20,ok,22,22,2200.0,2017.8957676,0.9172253447398847,0,0,0,2,0,0.5909090909090909,19178.501962515486,9.504208381527803,0.03994898989899011,15.72683801551965,17,0.1982262941538071,0.08845086577936516,11.305711834346923,,9.504208428627404,1124.9568267,True,10691.824154164078,9.504208428627404
4,10,50010,2026-03-25T02:48:13,2026-03-29T10:24:44,baseline_random_wallets,20,ok,34,38,3800.0,2973.2303107,0.7824290270725551,4,0,0,10,0,0.8235294117647058,38154.54576273961,12.832690927811043,0.02994453959631313,12.430299760364013,26,0.10090035706967139,0.05546357801571395,18.029850142677052,,12.832690970971814,1124.9568267,True,14436.223312726193,12.832690970971814
4,11,50011,2026-03-25T02:48:13,2026-03-29T10:24:44,baseline_random_wallets,20,ok,17,17,1700.0,1124.9568267,0.6617393059309452,0,0,0,7,0,0.9411764705882353,12017.50124433271,10.682633192919118,0.0008771738189851547,11.251499368093489,17,0.08889230024350765,0.08206683700864134,12.185189979902646,,10.6826332878795,1124.9568267,True,12017.50124433271,10.6826332878795
4,12,50012,2026-03-25T02:48:13,2026-03-29T10:24:44,baseline_random_wallets,20,ok,25,25,2500.0,1644.405737,0.6577622921689508,0,0,0,12,0,0.76,16572.461559785417,10.078085405636457,0.007922371957510133,14.85459569514187,22,0.0849642860373942,0.05870460354486626,17.034439202638143,,10.078085466923554,1124.9568267,True,11337.411046081708,10.078085466923554
4,13,50013,2026-03-25T02:48:13,2026-03-29T10:24:44,baseline_random_wallets,20,ok,67,68,6800.0,4007.2735316,0.5893049302510222,1,0,0,41,0,0.7164179104477612,20035.67558517784,4.999827283359877,0.04311638658236572,13.972694980291458,50,0.09981849176147714,0.036434856877892455,27.4462447691614,,4.999827295836758,1124.9568267,True,5624.589848772561,4.999827295836758
4,14,50014,2026-03-25T02:48:13,2026-03-29T10:24:44,baseline_random_wallets,20,ok,101,105,10500.0,7986.876991500001,0.7606549508469954,4,0,0,31,0,0.5247524752475248,59106.89021733866,7.400500872398298,0.05130920373348099,12.041895528014994,72,0.06260269195733487,0.02484147534065774,40.25525804271827,,7.400500881664123,1124.9568267,True,8325.243987827424,7.400500881664123
4,15,50015,2026-03-25T02:48:13,2026-03-29T10:24:44,baseline_random_wallets,20,ok,32,32,3200.0,2658.6477672,0.8308274246536643,0,0,0,10,0,0.875,1177.7406606448394,0.44298484016758205,0.03440440224824609,7.332089901064719,28,0.07522621178608906,0.043353534947375594,23.06616983399032,,0.44298484183378567,1124.9568267,True,498.3388219455369,0.44298484183378567
4,16,50016,2026-03-25T02:48:13,2026-03-29T10:24:44,baseline_random_wallets,20,ok,50,50,5000.0,4206.3073587,0.8412614700574771,0,0,0,13,0,0.76,47149.512717845966,11.20924092915682,0.021980109323680285,11.226290705150625,37,0.07132146427186384,0.038537760558548295,25.948575773642972,,11.20924095580547,1124.9568267,True,12609.912135358596,11.20924095580547
4,17,50017,2026-03-25T02:48:13,2026-03-29T10:24:44,baseline_random_wallets,20,ok,29,31,3100.0,2267.4425413999998,0.731433075511506,2,0,0,13,0,0.896551724137931,42890.916926014295,18.915988367392995,0.009455179513780058,12.08483053181868,26,0.1323076525744151,0.05657561846731789,17.675458564852832,,18.91598845081733,1124.9568267,True,21279.670341525314,18.91598845081733
4,18,50018,2026-03-25T02:48:13,2026-03-29T10:24:44,baseline_random_wallets,20,ok,47,49,4900.0,3890.5950399000003,0.7939989861142879,2,0,0,20,0,0.8936170212765957,9577.56267663536,2.4617218070232036,0.02367954967633073,10.278819972819187,23,0.1542180550395761,0.08682866585510805,11.516933839208251,,2.4617218133505694,1124.9568267,True,2769.330759365026,2.4617218133505694
4,19,50019,2026-03-25T02:48:13,2026-03-29T10:24:44,baseline_random_wallets,20,ok,44,45,4500.0,3588.9188119,0.7975375119832501,1,0,0,15,0,0.5681818181818182,14832.799598146956,4.132943745518981,0.048969557159868025,8.487475101878722,31,0.16718126863459348,0.07146115661746884,13.993616215211773,,4.132943757034828,1124.9568267,True,4649.383293843475,4.132943757034828
5,0,60000,2026-03-29T10:25:18,2026-04-07T01:50:37,baseline_random_wallets,20,ok,62,64,6400.0,3971.901425651886,0.6206095967884047,2,0,0,36,0,0.532258064516129,10068.221847973009,2.5348619574494973,0.0482912183636309,6.20684525027722,56,0.07553057537191087,0.02887898059634276,34.62726105112728,,2.5348619638314838,1216.3040679770002,True,3083.1629183684013,2.5348619638314838
5,1,60001,2026-03-29T10:25:18,2026-04-07T01:50:37,baseline_random_wallets,20,ok,16,17,1700.0,1216.3040679770002,0.7154729769542767,1,0,0,5,0,0.75,50.73487829257715,0.04171233099617753,0.020020000000000072,0.9785870533438805,16,0.08221628343833753,0.08116592927749042,12.320440471779678,,0.041712331339120806,1216.3040679770002,True,50.73487829257715,0.041712331339120806
5,2,60002,2026-03-29T10:25:18,2026-04-07T01:50:37,baseline_random_wallets,20,ok,46,48,4800.0,2604.2115389232117,0.5425440694787024,2,0,0,28,0,0.5434782608695652,-177.71270749346706,-0.0682405035669808,0.08941250952323632,-1.626753160513762,38,0.11519801502916457,0.05269152010020772,18.97838585977818,,-0.06824050382901983,1216.3040679770002,True,-83.00120240803687,-0.06824050382901983
5,3,60003,2026-03-29T10:25:18,2026-04-07T01:50:37,baseline_random_wallets,20,ok,19,20,2000.0,1500.2680480060762,0.7501340202523681,1,0,0,8,0,0.7894736842105263,10236.408425978905,6.823052968003299,0.008746643436282238,10.098737556831974,17,0.1333095111009056,0.08135236160470755,12.292206154493908,,6.823053013482192,1216.3040679770002,True,8298.90713632112,6.823053013482193
5,4,60004,2026-03-29T10:25:18,2026-04-07T01:50:37,baseline_random_wallets,20,ok,50,50,5000.0,4086.320319694696,0.8172640623044112,0,0,0,15,0,0.8,26548.238222255422,6.496856849261971,0.024780831730066177,17.344075714985607,45,0.0734156836785654,0.030122791440567818,33.19745455772242,,6.496856865161011,1216.3040679770002,True,7902.153434159638,6.496856865161011
5,5,60005,2026-03-29T10:25:18,2026-04-07T01:50:37,baseline_random_wallets,20,ok,53,53,5300.0,4732.426040261034,0.8929105719494206,0,0,0,16,0,0.5471698113207547,16602.745822133747,3.5082948250650348,0.051695456963126864,10.233708668934447,49,0.04226162190354448,0.02367373546104145,42.24090455203592,,3.508294832478346,1216.3040679770002,True,4267.1532764061,3.5082948324783456
5,6,60006,2026-03-29T10:25:18,2026-04-07T01:50:37,baseline_random_wallets,20,ok,35,36,3600.0,2504.37386447271,0.6956594048655877,1,0,0,14,0,0.8285714285714286,26776.399423811214,10.691853838895728,0.01078599453260777,11.379610610338863,31,0.11979042117306404,0.050219378079875227,19.9126321000924,,10.69185388158845,1216.3040679770002,True,13004.545370391712,10.69185388158845
5,7,60007,2026-03-29T10:25:18,2026-04-07T01:50:37,baseline_random_wallets,20,ok,59,59,5900.0,4910.718965747879,0.8323252470211232,0,0,0,14,0,0.847457627118644,91048.51209304099,18.540770209554648,0.010010000000000036,17.40525826945497,53,0.040727233913199705,0.023116197585523152,43.25970983334492,,18.540770247310363,1216.3040679770002,True,22551.214275230526,18.540770247310363
5,8,60008,2026-03-29T10:25:18,2026-04-07T01:50:37,baseline_random_wallets,20,ok,141,141,14100.0,11924.274491692739,0.8456932257614047,0,0,0,49,0,0.6879432624113475,84569.23112502042,7.092190901259041,0.029764982674084207,19.384707248022274,92,0.07547629003567481,0.02152728505554941,46.45267610010186,,7.092190907206732,1216.3040679770002,True,8626.26065130504,7.092190907206732
5,9,60009,2026-03-29T10:25:18,2026-04-07T01:50:37,baseline_random_wallets,20,ok,28,28,2800.0,1576.3421052031817,0.5629793212762102,0,0,0,18,0,0.7142857142857143,25260.524709647005,16.024773090828106,0.007886096458658986,17.16972798052538,28,0.06343800604571845,0.050405069112262925,19.83927445417811,,16.02477319248607,1216.3040679770002,True,19490.996822429584,16.02477319248607
5,10,60010,2026-03-29T10:25:18,2026-04-07T01:50:37,baseline_random_wallets,20,ok,49,63,6300.0,2952.15688846973,0.46859633075932805,14,0,0,41,0,0.673469387755102,8821.843403302575,2.9882705109187913,0.036589931401540245,6.5395569026449625,47,0.06774707698670829,0.03461588603584103,28.888470425532585,,2.9882705210411213,1216.3040679770002,True,3634.645590958066,2.9882705210411213
5,11,60011,2026-03-29T10:25:18,2026-04-07T01:50:37,baseline_random_wallets,20,ok,116,143,14300.0,7555.201638974661,0.5283357785798114,27,0,0,77,0,0.5603448275862069,44367.260586663935,5.872412497776965,0.060320966061115235,17.378894363532382,94,0.06617957056508905,0.0231444083501237,43.206980488427796,,5.872412505549639,1216.3040679770002,True,7142.639219339034,5.872412505549639
5,12,60012,2026-03-29T10:25:18,2026-04-07T01:50:37,baseline_random_wallets,20,ok,94,101,10100.0,7843.604189937725,0.7765944734823546,7,0,0,33,0,0.6382978723404256,36945.24395839611,4.710238178347836,0.06185892668315765,13.551236910093664,74,0.05099696393567965,0.019868485291025566,50.330963098213225,,4.710238184353033,1216.3040679770002,True,5729.081864769193,4.710238184353033
5,13,60013,2026-03-29T10:25:18,2026-04-07T01:50:37,baseline_random_wallets,20,ok,323,371,37100.0,22162.23594789184,0.5973648501864741,30,18,0,169,20,0.718266253869969,35948.2414131371,1.622049394358882,0.05217614122097261,14.812936485076905,201,0.048724818156361885,0.017004765658184803,58.80704386647492,,1.62204939509078,1216.3040679770002,True,1972.905277708548,1.62204939509078
5,14,60014,2026-03-29T10:25:18,2026-04-07T01:50:37,baseline_random_wallets,20,ok,52,56,5600.0,3901.897166578425,0.6967673499304914,4,0,0,21,0,0.9038461538461539,20695.170955848098,5.303873992393541,0.004863944698263517,12.999019020840064,34,0.17939990986841672,0.06535634296002131,15.300733711672075,,5.303874005986605,1216.3040679770002,True,6451.123529518976,5.303874005986605
5,15,60015,2026-03-29T10:25:18,2026-04-07T01:50:37,baseline_random_wallets,20,ok,29,31,3100.0,2511.9075984596284,0.8102927710828066,2,0,0,7,0,0.4827586206896552,-728.9661398318723,-0.29020420073447467,0.09336664132668365,-11.142469294390306,29,0.039810381584626284,0.039213335722194334,25.501528538262317,,-0.2902042018897887,1216.3040679770002,True,-352.9765513025686,-0.2902042018897887
5,16,60016,2026-03-29T10:25:18,2026-04-07T01:50:37,baseline_random_wallets,20,ok,34,34,3400.0,1671.0743862560519,0.4914924651003315,0,0,0,22,0,0.5882352941176471,-137.62747450866104,-0.08235867584172653,0.04833044485179393,-4.188376399793327,29,0.11968348126506129,0.07354031527850205,13.597983585097966,,-0.08235867633457518,1216.3040679770002,True,-100.17319305894489,-0.08235867633457518
5,17,60017,2026-03-29T10:25:18,2026-04-07T01:50:37,baseline_random_wallets,20,ok,202,208,20800.0,18239.48932735948,0.8768985249322353,6,0,0,36,0,0.8366336633663366,104677.96195138221,5.739084028902774,0.013743458212810611,7.181867535176536,75,0.07127392530940997,0.031867025236109923,31.38040004019127,,5.739084032049289,1216.3040679770002,True,6980.471254643394,5.739084032049289
5,18,60018,2026-03-29T10:25:18,2026-04-07T01:50:37,baseline_random_wallets,20,ok,54,58,5800.0,3543.8803125982604,0.611013845946228,4,0,0,28,0,0.8333333333333334,28011.790236577304,7.904270936564796,0.01819250298329596,15.786475557177651,50,0.05565269503037111,0.027965456020029908,35.75840133927237,,7.904270958868797,1216.3040679770002,True,9613.996921664582,7.904270958868798
5,19,60019,2026-03-29T10:25:18,2026-04-07T01:50:37,baseline_random_wallets,20,ok,61,63,6300.0,4447.451537161609,0.7059446873178036,2,0,0,25,0,0.6885245901639344,31878.86037580041,7.167893801146794,0.049353302933245795,10.563343636753622,47,0.08993914754499663,0.039406666672712004,25.376416846047817,,7.167893817263649,1216.3040679770002,True,8718.338408764965,7.167893817263649
